날짜,시가,고가,저가,종가,"MA_종가,단순,5","MA_종가,단순,20","MA_종가,단순,60","MA_종가,단순,120","MA_종가,단순,240",프로그램순매수(종목),누적,
2024-03-26,417000 ,417500 ,405500 ,406000 ,411000 ,404950 ,400042 ,418600 ,487617 ,-14082 ,6746888 ,
2024-03-25,416500 ,417000 ,412000 ,414500 ,410400 ,405125 ,400200 ,419183 ,488367 ,5117 ,6760970 ,
2024-03-22,410500 ,415500 ,409000 ,413500 ,409000 ,404500 ,400283 ,419821 ,489073 ,11179 ,6755853 ,
2024-03-21,409500 ,414000 ,409000 ,413500 ,406000 ,404250 ,400442 ,420433 ,489800 ,52967 ,6744674 ,
2024-03-20,405000 ,410000 ,404000 ,407500 ,406500 ,403925 ,400758 ,421150 ,490506 ,18530 ,6691707 ,
2024-03-19,412000 ,412000 ,402000 ,403000 ,408700 ,403750 ,401067 ,421892 ,491213 ,-10451 ,6673177 ,
2024-03-18,402000 ,408500 ,401000 ,407500 ,412000 ,403475 ,401383 ,422758 ,491925 ,30653 ,6683628 ,
2024-03-15,407000 ,410000 ,398500 ,398500 ,410600 ,403600 ,401625 ,423646 ,492598 ,-68200 ,6652975 ,
2024-03-14,416500 ,417000 ,405000 ,416000 ,411400 ,403450 ,402025 ,424558 ,493333 ,17985 ,6721175 ,
2024-03-13,419500 ,422000 ,415000 ,418500 ,408100 ,402050 ,401925 ,425213 ,493988 ,13539 ,6703190 ,
2024-03-12,404500 ,420000 ,404500 ,419500 ,401800 ,400800 ,402025 ,425888 ,494519 ,75617 ,6689651 ,
2024-03-11,402500 ,407000 ,399000 ,400500 ,395400 ,399525 ,402175 ,426625 ,495038 ,6179 ,6614034 ,
2024-03-08,403500 ,406500 ,399500 ,402500 ,395000 ,398800 ,402675 ,427529 ,495673 ,30125 ,6607855 ,
2024-03-07,391000 ,402000 ,387500 ,399500 ,394800 ,397525 ,403075 ,428483 ,496396 ,38226 ,6577730 ,
2024-03-06,386500 ,391000 ,386000 ,387000 ,395000 ,397000 ,403492 ,429546 ,497085 ,-8030 ,6539504 ,
2024-03-05,396000 ,398500 ,387000 ,387500 ,398300 ,397025 ,404208 ,430788 ,497756 ,-8653 ,6547534 ,
2024-03-04,401000 ,406000 ,398500 ,398500 ,402700 ,396725 ,404917 ,431975 ,498488 ,-8757 ,6556187 ,
2024-02-29,399000 ,407000 ,394000 ,401500 ,403400 ,395850 ,405417 ,433004 ,499123 ,57924 ,6564944 ,
2024-02-28,403500 ,408500 ,399500 ,400500 ,404800 ,394525 ,406300 ,434192 ,499738 ,4789 ,6507020 ,
2024-02-27,413500 ,417000 ,400500 ,403500 ,406100 ,393375 ,407075 ,435463 ,500410 ,-2834 ,6502231 ,
2024-02-26,402500 ,414000 ,402000 ,409500 ,406200 ,392250 ,407600 ,436700 ,501088 ,30596 ,6505065 ,
2024-02-23,411500 ,411500 ,402000 ,402000 ,403800 ,390175 ,408017 ,437896 ,501660 ,15419 ,6474469 ,
2024-02-22,410000 ,415500 ,405000 ,408500 ,405400 ,389100 ,408692 ,439096 ,502227 ,24682 ,6459050 ,
2024-02-21,402500 ,408000 ,398000 ,407000 ,402800 ,387350 ,409358 ,440150 ,502754 ,26053 ,6434368 ,
2024-02-20,397500 ,404500 ,392000 ,404000 ,399000 ,385600 ,409942 ,441133 ,503238 ,39549 ,6408315 ,
2024-02-19,412000 ,412500 ,395500 ,397500 ,396900 ,384575 ,410658 ,442258 ,503671 ,-59177 ,6368766 ,
2024-02-16,401500 ,412000 ,401000 ,410000 ,396200 ,384225 ,411433 ,443329 ,504144 ,81208 ,6427943 ,
2024-02-15,393500 ,397500 ,389000 ,395500 ,391400 ,383225 ,411800 ,444321 ,504548 ,34068 ,6346735 ,
2024-02-14,390000 ,390000 ,380000 ,388000 ,387700 ,383475 ,412583 ,445525 ,505017 ,23392 ,6312667 ,
2024-02-13,395000 ,395500 ,390000 ,393500 ,387900 ,384050 ,413642 ,446675 ,505567 ,44287 ,6289275 ,
2024-02-08,397500 ,397500 ,386500 ,394000 ,386700 ,385025 ,414367 ,447913 ,506077 ,-37183 ,6244988 ,
2024-02-07,382000 ,394000 ,382000 ,386000 ,384200 ,386100 ,414725 ,449188 ,506656 ,52803 ,6282171 ,
2024-02-06,385000 ,387500 ,376000 ,377000 ,383200 ,387325 ,415142 ,450604 ,507335 ,-11054 ,6229368 ,
2024-02-05,389000 ,393000 ,385500 ,389000 ,382800 ,389350 ,416008 ,452071 ,507960 ,-30908 ,6240422 ,
2024-02-02,384500 ,392500 ,381500 ,387500 ,380500 ,390650 ,416817 ,453204 ,508527 ,47400 ,6271330 ,
2024-02-01,378000 ,383000 ,373000 ,381500 ,379200 ,392075 ,417742 ,454258 ,509088 ,8098 ,6223930 ,
2024-01-31,379000 ,387500 ,377000 ,381000 ,376500 ,393950 ,419608 ,455579 ,509756 ,21632 ,6215832 ,
2024-01-30,382500 ,387500 ,373000 ,375000 ,376400 ,395700 ,419958 ,456929 ,510460 ,17744 ,6194200 ,
2024-01-29,385000 ,387000 ,377500 ,377500 ,376100 ,398425 ,420233 ,458338 ,511173 ,3106 ,6176456 ,
2024-01-26,364000 ,392000 ,362000 ,381000 ,375000 ,400925 ,420233 ,459833 ,511858 ,31867 ,6173350 ,
2024-01-25,375000 ,375500 ,363000 ,368000 ,375500 ,402925 ,420308 ,461325 ,512458 ,-45252 ,6141483 ,
2024-01-24,372500 ,385000 ,370500 ,380500 ,380000 ,405300 ,420925 ,462775 ,513154 ,-34532 ,6186735 ,
2024-01-23,370500 ,379000 ,370500 ,373500 ,381900 ,407250 ,421250 ,464104 ,513790 ,28054 ,6221267 ,
2024-01-22,383500 ,387000 ,371500 ,372000 ,387300 ,409725 ,421683 ,465825 ,514408 ,13342 ,6193213 ,
2024-01-19,390500 ,397000 ,378500 ,383500 ,392800 ,412750 ,422308 ,467675 ,515029 ,-27688 ,6179871 ,
2024-01-18,390000 ,399000 ,387000 ,390500 ,398700 ,414875 ,423392 ,469454 ,515556 ,5110 ,6207559 ,
2024-01-17,400000 ,400500 ,387000 ,390000 ,403700 ,416450 ,424158 ,470942 ,516038 ,-15098 ,6202449 ,
2024-01-16,396500 ,404000 ,394500 ,400500 ,407800 ,418050 ,424933 ,472325 ,516567 ,28223 ,6217547 ,
2024-01-15,409000 ,409500 ,397000 ,399500 ,411200 ,419150 ,425800 ,473654 ,516915 ,-30425 ,6189324 ,
2024-01-12,415000 ,415500 ,409000 ,413000 ,414300 ,419675 ,426892 ,474900 ,517206 ,-29776 ,6219749 ,
2024-01-11,409500 ,420000 ,409500 ,415500 ,414900 ,420250 ,427925 ,475942 ,517385 ,54802 ,6249525 ,
2024-01-10,417500 ,417500 ,405500 ,410500 ,415600 ,420900 ,428900 ,476996 ,517563 ,-16559 ,6194723 ,
2024-01-09,419500 ,419500 ,415000 ,417500 ,416700 ,421900 ,430125 ,478092 ,517760 ,1295 ,6211282 ,
2024-01-08,419500 ,419500 ,414500 ,415000 ,419100 ,422350 ,431392 ,479063 ,518023 ,6110 ,6209987 ,
2024-01-05,416500 ,420500 ,414500 ,416000 ,421600 ,422825 ,432675 ,480188 ,518285 ,967 ,6203877 ,
2024-01-04,414000 ,419000 ,410000 ,419000 ,422600 ,423525 ,433383 ,481304 ,518544 ,-14073 ,6202910 ,
2024-01-03,425500 ,426000 ,416000 ,416000 ,421900 ,424075 ,434133 ,482496 ,518775 ,-54516 ,6216983 ,
2024-01-02,425000 ,429500 ,422000 ,429500 ,422600 ,424700 ,434992 ,483738 ,519015 ,29755 ,6271499 ,
2023-12-28,421500 ,427500 ,421000 ,427500 ,421300 ,425950 ,435433 ,484883 ,519158 ,77018 ,6241744 ,
2023-12-27,417000 ,422000 ,417000 ,421000 ,422300 ,426925 ,436250 ,486063 ,519227 ,26254 ,6164726 ,
2023-12-26,423500 ,423500 ,415000 ,415500 ,423300 ,427625 ,437158 ,487329 ,519279 ,6299 ,6138472 ,
2023-12-22,425500 ,425500 ,419000 ,419500 ,424600 ,428575 ,438167 ,488475 ,519394 ,2726 ,6132173 ,
2023-12-21,428500 ,430000 ,421000 ,423000 ,425100 ,429725 ,439358 ,489563 ,519481 ,-34446 ,6129447 ,
2023-12-20,429000 ,434000 ,428000 ,432500 ,425000 ,431000 ,440425 ,490596 ,519577 ,43202 ,6163893 ,
2023-12-19,422000 ,428000 ,419000 ,426000 ,420500 ,431475 ,441542 ,491667 ,519590 ,39466 ,6120691 ,
2023-12-18,429500 ,430000 ,422000 ,422000 ,420200 ,432525 ,442717 ,492817 ,519633 ,27762 ,6081225 ,
2023-12-15,426500 ,431000 ,422000 ,422000 ,421500 ,433625 ,444133 ,493992 ,519779 ,24573 ,6053463 ,
2023-12-14,419500 ,422500 ,415000 ,422500 ,423200 ,434125 ,445667 ,495217 ,519927 ,56189 ,6028890 ,
2023-12-13,423000 ,424500 ,409500 ,410000 ,424000 ,435125 ,447092 ,496346 ,520065 ,-20685 ,5972701 ,
2023-12-12,427000 ,430500 ,424000 ,424500 ,426900 ,437200 ,448500 ,497604 ,520321 ,14069 ,5993386 ,
2023-12-11,434000 ,434000 ,427000 ,428500 ,428000 ,437825 ,449750 ,498742 ,520540 ,577 ,5979317 ,
2023-12-08,431500 ,436000 ,427500 ,430500 ,428300 ,437175 ,451075 ,500071 ,520785 ,13074 ,5978740 ,
2023-12-07,428000 ,429500 ,420000 ,426500 ,427900 ,436200 ,452383 ,501358 ,521000 ,34794 ,5965666 ,
2023-12-06,430500 ,435000 ,424500 ,424500 ,433500 ,436325 ,453892 ,502713 ,521246 ,-25201 ,5930872 ,
2023-12-05,425000 ,434500 ,423000 ,430000 ,438000 ,436975 ,455600 ,504233 ,521502 ,37297 ,5956073 ,
2023-12-04,429500 ,436000 ,428000 ,430000 ,439000 ,437625 ,457367 ,505750 ,521788 ,43296 ,5918776 ,
2023-12-01,444000 ,448000 ,428500 ,428500 ,439900 ,440800 ,459033 ,507242 ,522065 ,-123076 ,5875480 ,
2023-11-30,444000 ,454500 ,440500 ,454500 ,442700 ,439475 ,460592 ,508596 ,522371 ,47182 ,5998556 ,
2023-11-29,440000 ,447500 ,434000 ,447000 ,441500 ,436325 ,462083 ,509842 ,522623 ,30520 ,5951374 ,
2023-11-28,436500 ,440500 ,434000 ,435000 ,440500 ,432850 ,463850 ,511067 ,522973 ,-7409 ,5920854 ,
2023-11-27,446000 ,447500 ,432500 ,434500 ,442900 ,430375 ,465800 ,512342 ,523506 ,-12693 ,5928263 ,
2023-11-24,449500 ,452500 ,442500 ,442500 ,444800 ,428900 ,467775 ,513588 ,524025 ,-36747 ,5940956 ,
2023-11-23,440500 ,450500 ,440500 ,448500 ,442700 ,426775 ,469500 ,514892 ,524523 ,8297 ,5977703 ,
2023-11-22,443000 ,446000 ,437000 ,442000 ,441500 ,424325 ,470942 ,515988 ,525088 ,-8166 ,5969406 ,
2023-11-21,450000 ,452000 ,444000 ,447000 ,443400 ,422700 ,472325 ,517121 ,525683 ,15095 ,5977572 ,
2023-11-20,432000 ,445500 ,431500 ,444000 ,441400 ,422775 ,473858 ,518254 ,526267 ,55767 ,5962477 ,
2023-11-17,436000 ,437000 ,428000 ,432000 ,435700 ,422400 ,475225 ,519429 ,526779 ,-21063 ,5906710 ,
2023-11-16,447500 ,449500 ,439000 ,442500 ,431500 ,422625 ,476842 ,520613 ,527321 ,-15916 ,5927773 ,
2023-11-15,460000 ,460000 ,446000 ,451500 ,428800 ,423125 ,478467 ,521592 ,527856 ,-5370 ,5943689 ,
2023-11-14,424500 ,444000 ,420500 ,437000 ,426000 ,423800 ,479708 ,522429 ,528342 ,6260 ,5949059 ,
2023-11-13,413000 ,425000 ,408000 ,415500 ,427200 ,425700 ,481458 ,523471 ,528858 ,1482 ,5942799 ,
2023-11-10,418500 ,422000 ,411000 ,411000 ,442800 ,428625 ,483650 ,524675 ,529506 ,41913 ,5941317 ,
2023-11-09,439000 ,447000 ,426500 ,429000 ,441000 ,432275 ,486067 ,525750 ,530181 ,-16429 ,5899404 ,
2023-11-08,446000 ,459500 ,437500 ,437500 ,433500 ,435500 ,488133 ,526717 ,530885 ,22181 ,5915833 ,
2023-11-07,488500 ,488500 ,440500 ,443000 ,421500 ,438225 ,489592 ,527629 ,531550 ,-66884 ,5893652 ,
2023-11-06,451500 ,500000 ,435000 ,493500 ,410000 ,439000 ,490775 ,528546 ,532204 ,257240 ,5960536 ,
2023-11-03,402500 ,404500 ,396500 ,402000 ,392300 ,437525 ,491550 ,529150 ,532631 ,-7632 ,5703296 ,
2023-11-02,383500 ,394000 ,380000 ,391500 ,391900 ,440800 ,493900 ,530492 ,533473 ,-20626 ,5710928 ,
2023-11-01,389500 ,391500 ,375500 ,377500 ,393500 ,444025 ,496442 ,531879 ,534442 ,10557 ,5731554 ,
2023-10-31,404500 ,404500 ,382500 ,385500 ,399900 ,448975 ,499433 ,533433 ,535390 ,41081 ,5720997 ,
2023-10-30,397000 ,413000 ,397000 ,405000 ,412500 ,453475 ,502342 ,534946 ,536279 ,30869 ,5679916 ,
2023-10-27,399500 ,411000 ,396500 ,400000 ,418800 ,457025 ,504625 ,536496 ,537042 ,-26221 ,5649047 ,
2023-10-26,398000 ,407000 ,395000 ,399500 ,426100 ,461575 ,506958 ,538004 ,537821 ,4879 ,5675268 ,
2023-10-25,449000 ,449500 ,409000 ,409500 ,436700 ,465950 ,509967 ,539567 ,538623 ,-313002 ,5670389 ,
2023-10-24,439500 ,449000 ,423000 ,448500 ,447800 ,470450 ,513042 ,540879 ,539371 ,-43018 ,5983391 ,
2023-10-23,438000 ,442500 ,430500 ,436500 ,453100 ,472850 ,515517 ,541733 ,539873 ,-39086 ,6026409 ,
2023-10-20,445500 ,446000 ,435500 ,436500 ,460600 ,476375 ,517725 ,542813 ,540400 ,-69773 ,6065495 ,
2023-10-19,455500 ,457000 ,450000 ,452500 ,470100 ,480250 ,519717 ,543942 ,540781 ,-11786 ,6135268 ,
2023-10-18,471500 ,472500 ,462000 ,465000 ,478300 ,483025 ,521508 ,545004 ,541113 ,4983 ,6147054 ,
2023-10-17,479500 ,482500 ,474000 ,475000 ,483700 ,484500 ,522908 ,545979 ,541425 ,-21013 ,6142071 ,
2023-10-16,479500 ,481500 ,471500 ,474000 ,480400 ,485725 ,523958 ,546954 ,541650 ,-17814 ,6163084 ,
2023-10-13,490000 ,490000 ,480000 ,484000 ,478400 ,487425 ,525092 ,547929 ,541804 ,-10603 ,6180898 ,
2023-10-12,494000 ,501000 ,490000 ,493500 ,475100 ,488675 ,526058 ,548846 ,541908 ,-4015 ,6191501 ,
2023-10-11,464500 ,496500 ,464500 ,492000 ,467600 ,489850 ,526733 ,549725 ,541931 ,-12325 ,6195516 ,
2023-10-10,467500 ,473000 ,458000 ,458500 ,464500 ,491600 ,527700 ,550542 ,541944 ,-26943 ,6207841 ,
2023-10-06,468000 ,476500 ,462500 ,464000 ,467900 ,495475 ,529225 ,551804 ,542106 ,-932 ,6234784 ,
2023-10-05,468500 ,477000 ,463000 ,467500 ,470300 ,498775 ,530858 ,552904 ,542210 ,44011 ,6235716 ,
2023-10-04,467000 ,471500 ,455500 ,456000 ,475000 ,501500 ,532483 ,553842 ,542310 ,4051 ,6191705 ,
2023-09-27,469500 ,476500 ,466500 ,476500 ,481200 ,505900 ,534333 ,554875 ,542423 ,14403 ,6187654 ,
2023-09-26,471500 ,479000 ,468500 ,475500 ,485800 ,509725 ,535875 ,555804 ,542425 ,39615 ,6173251 ,
2023-09-25,491500 ,491500 ,461500 ,476000 ,490000 ,513550 ,537500 ,556633 ,542456 ,-12707 ,6133636 ,
2023-09-22,479000 ,495000 ,478500 ,491000 ,496200 ,517400 ,538783 ,557550 ,542546 ,-15936 ,6146343 ,
2023-09-21,497000 ,497500 ,486000 ,487000 ,500800 ,520150 ,539767 ,558325 ,542510 ,-60815 ,6162279 ,
2023-09-20,495000 ,502000 ,494000 ,499500 ,505000 ,522550 ,540767 ,559167 ,542473 ,-35884 ,6223094 ,
2023-09-19,508000 ,511000 ,496000 ,496500 ,504000 ,523825 ,541792 ,559863 ,542346 ,-47007 ,6258978 ,
2023-09-18,513000 ,514000 ,505000 ,507000 ,504600 ,525950 ,542917 ,560533 ,542129 ,-50996 ,6305985 ,
2023-09-15,506000 ,521000 ,504000 ,514000 ,504800 ,526900 ,543850 ,561092 ,541794 ,-33730 ,6356981 ,
2023-09-14,496500 ,511000 ,495000 ,508000 ,503800 ,527650 ,544767 ,561550 ,541485 ,-18340 ,6390711 ,
2023-09-13,491000 ,502000 ,490000 ,494500 ,505600 ,529250 ,545600 ,562108 ,541175 ,7043 ,6409051 ,
2023-09-12,513000 ,516000 ,499500 ,499500 ,512100 ,530825 ,546708 ,562763 ,540965 ,-70205 ,6402008 ,
2023-09-11,512000 ,512000 ,505000 ,508000 ,519400 ,532950 ,547733 ,563150 ,540744 ,-14386 ,6472213 ,
2023-09-08,520000 ,521000 ,505000 ,509000 ,523800 ,534900 ,549067 ,563450 ,540546 ,-74118 ,6486599 ,
2023-09-07,523000 ,529000 ,514000 ,517000 ,526400 ,537250 ,550333 ,563817 ,540460 ,16818 ,6560717 ,
2023-09-06,537000 ,540000 ,526000 ,527000 ,531800 ,539050 ,551533 ,564308 ,540304 ,26236 ,6543899 ,
2023-09-05,528000 ,537000 ,528000 ,536000 ,537000 ,538950 ,552867 ,564625 ,540123 ,29700 ,6517663 ,
2023-09-04,522000 ,531000 ,520000 ,530000 ,540200 ,537850 ,554133 ,564725 ,539879 ,29279 ,6487963 ,
2023-09-01,544000 ,544000 ,520000 ,522000 ,544800 ,538350 ,555450 ,565000 ,539779 ,-176929 ,6458684 ,
2023-08-31,554000 ,554000 ,543000 ,544000 ,549600 ,539400 ,556600 ,565242 ,539733 ,-26386 ,6635613 ,
2023-08-30,557000 ,558000 ,550000 ,553000 ,547800 ,539400 ,557600 ,565283 ,539544 ,37548 ,6661999 ,
2023-08-29,554000 ,555000 ,546000 ,552000 ,542200 ,539600 ,558283 ,565358 ,539310 ,36322 ,6624451 ,
2023-08-28,550000 ,553000 ,542000 ,553000 ,539600 ,540000 ,558883 ,565475 ,539038 ,40091 ,6588129 ,
2023-08-25,527000 ,549000 ,525000 ,546000 ,534200 ,539450 ,559400 ,565425 ,538767 ,57032 ,6548038 ,
2023-08-24,532000 ,537000 ,523000 ,535000 ,530800 ,539150 ,560283 ,565358 ,538506 ,-3975 ,6491006 ,
2023-08-23,535000 ,538000 ,525000 ,525000 ,531800 ,541400 ,561033 ,565358 ,538290 ,-36649 ,6494981 ,
2023-08-22,531000 ,542000 ,531000 ,539000 ,532000 ,544850 ,561917 ,565342 ,538110 ,44629 ,6531630 ,
2023-08-21,530000 ,534000 ,522000 ,526000 ,532600 ,547750 ,562650 ,565083 ,537794 ,27595 ,6487001 ,
2023-08-18,534000 ,538000 ,525000 ,529000 ,536800 ,549900 ,563633 ,564958 ,537529 ,-21276 ,6459406 ,
2023-08-17,522000 ,543000 ,522000 ,540000 ,542200 ,551250 ,564383 ,564775 ,537265 ,-12936 ,6480682 ,
2023-08-16,533000 ,540000 ,524000 ,526000 ,544800 ,552250 ,564717 ,564508 ,536929 ,-26019 ,6493618 ,
2023-08-14,545000 ,551000 ,536000 ,542000 ,544600 ,553400 ,565150 ,564458 ,536677 ,-21271 ,6519637 ,
2023-08-11,559000 ,559000 ,543000 ,547000 ,539000 ,553200 ,565483 ,564242 ,536331 ,-704 ,6540908 ,
2023-08-10,549000 ,560000 ,543000 ,556000 ,537600 ,552950 ,565700 ,564125 ,535931 ,13454 ,6541612 ,
2023-08-09,530000 ,553000 ,528000 ,553000 ,535000 ,552250 ,565433 ,564067 ,535469 ,75563 ,6528158 ,
2023-08-08,517000 ,535000 ,517000 ,525000 ,533200 ,551300 ,565300 ,563850 ,535008 ,26447 ,6452595 ,
2023-08-07,540000 ,542000 ,513000 ,514000 ,539600 ,552550 ,565667 ,563850 ,534683 ,-111631 ,6426148 ,
2023-08-04,545000 ,548000 ,540000 ,540000 ,548800 ,554350 ,566317 ,563917 ,534425 ,-22485 ,6537779 ,
2023-08-03,541000 ,551000 ,539000 ,543000 ,549200 ,555450 ,566750 ,563933 ,534065 ,26087 ,6560264 ,
2023-08-02,551000 ,559000 ,543000 ,544000 ,548600 ,556550 ,567083 ,563992 ,533721 ,-10289 ,6534177 ,
2023-08-01,562000 ,568000 ,550000 ,557000 ,555800 ,557700 ,567317 ,564008 ,533373 ,31664 ,6544466 ,
2023-07-31,545000 ,562000 ,545000 ,560000 ,563200 ,558300 ,567433 ,563883 ,533019 ,36017 ,6512802 ,
2023-07-28,540000 ,552000 ,540000 ,542000 ,570600 ,558950 ,567550 ,563592 ,532594 ,-48046 ,6476785 ,
2023-07-27,577000 ,577000 ,535000 ,540000 ,576000 ,559500 ,568367 ,563533 ,532242 ,-315777 ,6524831 ,
2023-07-26,595000 ,620000 ,560000 ,580000 ,579200 ,560000 ,569050 ,563475 ,531854 ,91946 ,6840608 ,
2023-07-25,607000 ,610000 ,585000 ,594000 ,575200 ,558350 ,569167 ,562992 ,531296 ,-14150 ,6748662 ,
2023-07-24,573000 ,602000 ,568000 ,597000 ,566200 ,556700 ,568717 ,562383 ,530667 ,73274 ,6762812 ,
2023-07-21,549000 ,574000 ,543000 ,569000 ,554400 ,555050 ,567950 ,561658 ,530000 ,44111 ,6689538 ,
2023-07-20,560000 ,563000 ,551000 ,556000 ,549000 ,554750 ,567900 ,561133 ,529367 ,-37339 ,6645427 ,
2023-07-19,550000 ,564000 ,546000 ,560000 ,546200 ,555400 ,568167 ,560808 ,528798 ,-19428 ,6682766 ,
2023-07-18,539000 ,553000 ,534000 ,549000 ,541000 ,555300 ,568500 ,560175 ,528223 ,18221 ,6702194 ,
2023-07-17,541000 ,542000 ,533000 ,538000 ,541200 ,555900 ,569050 ,559513 ,527667 ,-8029 ,6683973 ,
2023-07-14,544000 ,546000 ,538000 ,542000 ,543600 ,557050 ,569950 ,558829 ,527065 ,33849 ,6692002 ,
2023-07-13,535000 ,544000 ,534000 ,542000 ,547600 ,559350 ,570767 ,558129 ,526448 ,13330 ,6658153 ,
2023-07-12,538000 ,539000 ,530000 ,534000 ,552200 ,561500 ,571633 ,557429 ,525819 ,-67281 ,6644823 ,
2023-07-11,553000 ,557000 ,547000 ,550000 ,558800 ,564250 ,572717 ,556983 ,525185 ,-176 ,6712104 ,
2023-07-10,564000 ,564000 ,550000 ,550000 ,562600 ,567100 ,573383 ,556383 ,524521 ,-77057 ,6712280 ,
2023-07-07,570000 ,574000 ,556000 ,562000 ,567200 ,570200 ,574383 ,555783 ,523829 ,-9387 ,6789337 ,
2023-07-06,569000 ,572000 ,562000 ,565000 ,565400 ,572550 ,574950 ,555054 ,523083 ,1290 ,6798724 ,
2023-07-05,569000 ,571000 ,564000 ,567000 ,562400 ,573850 ,575200 ,554292 ,522367 ,14127 ,6797434 ,
2023-07-04,573000 ,574000 ,564000 ,569000 ,558400 ,575700 ,575417 ,553433 ,521671 ,-3602 ,6783307 ,
2023-07-03,557000 ,576000 ,556000 ,573000 ,556800 ,576950 ,575733 ,552392 ,520965 ,43481 ,6786909 ,
2023-06-30,551000 ,556000 ,548000 ,553000 ,555000 ,577700 ,575767 ,551229 ,520244 ,-21667 ,6743428 ,
2023-06-29,548000 ,561000 ,547000 ,550000 ,557000 ,579250 ,576317 ,550313 ,519610 ,8240 ,6765095 ,
2023-06-28,561000 ,566000 ,545000 ,547000 ,560800 ,581700 ,576883 ,549400 ,518965 ,-17252 ,6756855 ,
2023-06-27,561000 ,562000 ,556000 ,561000 ,563000 ,583350 ,577567 ,548558 ,518302 ,-18808 ,6774107 ,
2023-06-26,562000 ,567000 ,559000 ,564000 ,563000 ,584200 ,577933 ,547513 ,517521 ,-8688 ,6792915 ,
2023-06-23,570000 ,574000 ,561000 ,563000 ,562400 ,585150 ,578150 ,546450 ,516715 ,-7787 ,6801603 ,
2023-06-22,556000 ,575000 ,556000 ,569000 ,567400 ,586250 ,578333 ,545567 ,515875 ,68194 ,6809390 ,
2023-06-21,563000 ,565000 ,556000 ,558000 ,570600 ,586500 ,578333 ,544638 ,514988 ,-4756 ,6741196 ,
2023-06-20,561000 ,568000 ,555000 ,561000 ,576800 ,586600 ,578617 ,543783 ,514148 ,-5878 ,6745952 ,
2023-06-19,579000 ,580000 ,558000 ,561000 ,586000 ,586150 ,578817 ,543038 ,513356 ,-310884 ,6751830 ,
2023-06-16,591000 ,592000 ,582000 ,588000 ,596200 ,586200 ,578567 ,542338 ,512650 ,34847 ,7062714 ,
2023-06-15,594000 ,600000 ,581000 ,585000 ,600400 ,584800 ,577833 ,541500 ,511910 ,56438 ,7027867 ,
2023-06-14,610000 ,614000 ,588000 ,589000 ,601600 ,582550 ,577300 ,540642 ,511190 ,27086 ,6971429 ,
2023-06-13,612000 ,613000 ,604000 ,607000 ,604600 ,580350 ,577083 ,539779 ,510423 ,-14204 ,6944343 ,
2023-06-12,614000 ,614000 ,603000 ,612000 ,602000 ,577350 ,576383 ,538771 ,509560 ,8708 ,6958547 ,
2023-06-09,597000 ,610000 ,597000 ,609000 ,597200 ,574400 ,575317 ,537825 ,508681 ,181085 ,6949839 ,
2023-06-08,601000 ,602000 ,588000 ,591000 ,592200 ,572250 ,574550 ,536888 ,507865 ,-93986 ,6768754 ,
2023-06-07,597000 ,605000 ,597000 ,604000 ,593800 ,570850 ,573883 ,536146 ,507117 ,228061 ,6862740 ,
2023-06-05,590000 ,595000 ,587000 ,594000 ,589000 ,568550 ,572967 ,535404 ,506373 ,34908 ,6634679 ,
2023-06-02,588000 ,591000 ,586000 ,588000 ,585800 ,567050 ,572433 ,534879 ,505677 ,16458 ,6599771 ,
2023-06-01,595000 ,597000 ,584000 ,584000 ,584800 ,566000 ,572067 ,534671 ,504977 ,-45105 ,6583313 ,
2023-05-31,581000 ,604000 ,581000 ,599000 ,585000 ,566350 ,571450 ,534463 ,504321 ,171343 ,6628418 ,
2023-05-30,583000 ,586000 ,575000 ,580000 ,580000 ,565450 ,570433 ,534154 ,503554 ,7553 ,6457075 ,
2023-05-26,580000 ,583000 ,575000 ,578000 ,576000 ,565800 ,569683 ,534188 ,502908 ,-680 ,6449522 ,
2023-05-25,579000 ,591000 ,576000 ,583000 ,570800 ,565250 ,568767 ,534246 ,502260 ,-23685 ,6450202 ,
2023-05-24,574000 ,585000 ,572000 ,585000 ,566600 ,563650 ,567517 ,534279 ,501604 ,38288 ,6473887 ,
2023-05-23,564000 ,579000 ,563000 ,574000 ,561600 ,562700 ,566283 ,534129 ,500967 ,23461 ,6435599 ,
2023-05-22,553000 ,562000 ,547000 ,560000 ,554800 ,562600 ,565167 ,534029 ,500398 ,18774 ,6412138 ,
2023-05-19,560000 ,561000 ,552000 ,552000 ,551800 ,563600 ,564300 ,534121 ,499900 ,-23693 ,6393364 ,
2023-05-18,563000 ,564000 ,555000 ,562000 ,550800 ,565100 ,563767 ,534254 ,499450 ,32549 ,6417057 ,
2023-05-17,538000 ,560000 ,534000 ,560000 ,549000 ,566600 ,563000 ,534246 ,498940 ,35832 ,6384508 ,
2023-05-16,549000 ,552000 ,538000 ,540000 ,550200 ,568150 ,562550 ,534338 ,498400 ,-32300 ,6348676 ,
2023-05-15,542000 ,546000 ,530000 ,545000 ,554800 ,570850 ,562700 ,534613 ,497944 ,22897 ,6380976 ,
2023-05-12,547000 ,549000 ,542000 ,547000 ,557400 ,573550 ,562400 ,535054 ,497450 ,24112 ,6358079 ,
2023-05-11,568000 ,572000 ,550000 ,553000 ,560800 ,575700 ,562033 ,535471 ,496998 ,-50055 ,6333967 ,
2023-05-10,561000 ,570000 ,559000 ,566000 ,563600 ,578550 ,561517 ,535863 ,496519 ,18594 ,6384022 ,
2023-05-09,558000 ,567000 ,550000 ,563000 ,568600 ,580050 ,561117 ,536113 ,495969 ,1674 ,6365428 ,
2023-05-08,565000 ,572000 ,558000 ,558000 ,572200 ,580900 ,560900 ,536454 ,495354 ,-18925 ,6363754 ,
2023-05-04,563000 ,571000 ,560000 ,564000 ,578000 ,582000 ,560700 ,537004 ,494738 ,-20996 ,6382679 ,
2023-05-03,587000 ,587000 ,566000 ,567000 ,578600 ,583200 ,560333 ,537346 ,494090 ,-80703 ,6403675 ,
2023-05-02,580000 ,592000 ,579000 ,591000 ,575400 ,583600 ,559633 ,537613 ,493396 ,25907 ,6484378 ,
2023-04-28,590000 ,591000 ,573000 ,581000 ,570400 ,583350 ,558700 ,537588 ,492602 ,-42830 ,6458471 ,
2023-04-27,573000 ,588000 ,567000 ,587000 ,568600 ,583500 ,557900 ,537638 ,491798 ,80083 ,6501301 ,
2023-04-26,551000 ,572000 ,550000 ,567000 ,567200 ,583550 ,556817 ,537679 ,490983 ,-9224 ,6421218 ,
2023-04-25,570000 ,575000 ,548000 ,551000 ,570200 ,584350 ,556050 ,537863 ,490260 ,23086 ,6430442 ,
2023-04-24,566000 ,575000 ,563000 ,566000 ,578400 ,585650 ,555367 ,538013 ,489606 ,-10503 ,6407356 ,
2023-04-21,577000 ,578000 ,563000 ,572000 ,583400 ,586050 ,554367 ,537988 ,488921 ,-9615 ,6417859 ,
2023-04-20,582000 ,586000 ,575000 ,580000 ,587800 ,585900 ,553450 ,537621 ,488210 ,19671 ,6427474 ,
2023-04-19,593000 ,593000 ,581000 ,582000 ,591600 ,585650 ,551850 ,537221 ,487492 ,-94473 ,6407803 ,
2023-04-18,593000 ,598000 ,586000 ,592000 ,593200 ,585200 ,549975 ,536871 ,486769 ,26335 ,6502276 ,
2023-04-17,588000 ,593000 ,584000 ,591000 ,596800 ,582900 ,547708 ,536346 ,486040 ,-18797 ,6475941 ,
2023-04-14,603000 ,604000 ,586000 ,594000 ,597800 ,580550 ,545492 ,535679 ,485317 ,-66495 ,6494738 ,
2023-04-13,581000 ,599000 ,575000 ,599000 ,595000 ,578500 ,543225 ,534971 ,484583 ,36256 ,6561233 ,
2023-04-12,608000 ,610000 ,588000 ,590000 ,591200 ,577350 ,541250 ,534138 ,483852 ,-86566 ,6524977 ,
2023-04-11,600000 ,613000 ,596000 ,610000 ,590800 ,576100 ,539383 ,533346 ,483198 ,142257 ,6611543 ,
2023-04-10,587000 ,598000 ,584000 ,596000 ,583800 ,573000 ,537183 ,532408 ,482475 ,166876 ,6469286 ,
2023-04-07,581000 ,590000 ,579000 ,580000 ,581800 ,571350 ,535158 ,531517 ,481813 ,-50272 ,6302410 ,
2023-04-06,587000 ,590000 ,578000 ,580000 ,582600 ,569900 ,533383 ,530779 ,481215 ,-17356 ,6352682 ,
2023-04-05,575000 ,589000 ,574000 ,588000 ,584200 ,568350 ,531450 ,529971 ,480613 ,40961 ,6370038 ,
2023-04-04,586000 ,598000 ,572000 ,575000 ,583200 ,567050 ,529050 ,529046 ,479967 ,49060 ,6329077 ,
2023-04-03,588000 ,590000 ,577000 ,586000 ,583600 ,566600 ,526692 ,528279 ,479383 ,-36301 ,6280017 ,
2023-03-31,582000 ,590000 ,571000 ,584000 ,581200 ,564650 ,524308 ,527542 ,478779 ,-8006 ,6316318 ,
2023-03-30,587000 ,590000 ,576000 ,588000 ,578200 ,562350 ,521917 ,526696 ,478142 ,46385 ,6324324 ,
2023-03-29,578000 ,585000 ,577000 ,583000 ,575600 ,559700 ,519550 ,525779 ,477404 ,74138 ,6277939 ,
2023-03-28,578000 ,579000 ,566000 ,577000 ,573600 ,556700 ,517092 ,524829 ,476746 ,-3933 ,6203801 ,
2023-03-27,588000 ,594000 ,572000 ,574000 ,567400 ,553250 ,514750 ,523725 ,476173 ,28083 ,6207734 ,
2023-03-24,577000 ,578000 ,556000 ,569000 ,561400 ,550100 ,512800 ,522496 ,475600 ,-71939 ,6179651 ,
2023-03-23,568000 ,580000 ,566000 ,575000 ,558200 ,547000 ,510942 ,521421 ,475081 ,-5249 ,6251590 ,
2023-03-22,557000 ,577000 ,555000 ,573000 ,558400 ,543650 ,508950 ,520242 ,474556 ,89706 ,6256839 ,
2023-03-21,549000 ,559000 ,545000 ,546000 ,556800 ,541000 ,507258 ,519167 ,473996 ,18879 ,6167133 ,
2023-03-20,546000 ,551000 ,537000 ,544000 ,557200 ,539500 ,506108 ,518338 ,473504 ,14116 ,6148254 ,
2023-03-17,579000 ,579000 ,550000 ,553000 ,561000 ,538950 ,505167 ,517642 ,473079 ,-63564 ,6134138 ,
2023-03-16,561000 ,578000 ,558000 ,576000 ,560600 ,538750 ,503983 ,517104 ,472610 ,3077 ,6197702 ,
2023-03-15,551000 ,573000 ,549000 ,565000 ,555200 ,536300 ,502475 ,516300 ,472048 ,45920 ,6194625 ,
2023-03-14,560000 ,561000 ,545000 ,548000 ,554600 ,534300 ,501158 ,515621 ,471513 ,-3597 ,6148705 ,
2023-03-13,554000 ,565000 ,549000 ,563000 ,558200 ,533000 ,500333 ,515033 ,471058 ,37733 ,6152302 ,
2023-03-10,537000 ,553000 ,534000 ,551000 ,555000 ,531950 ,499225 ,514558 ,470413 ,37512 ,6114569 ,
2023-03-09,564000 ,569000 ,545000 ,549000 ,552400 ,531900 ,498408 ,514225 ,469813 ,-15943 ,6077057 ,
2023-03-08,559000 ,569000 ,551000 ,562000 ,549600 ,531750 ,497842 ,513804 ,469181 ,-29510 ,6093000 ,
2023-03-07,548000 ,570000 ,543000 ,566000 ,541800 ,530750 ,497325 ,513263 ,468448 ,144340 ,6122510 ,
2023-03-06,545000 ,547000 ,533000 ,547000 ,530200 ,528700 ,497275 ,512600 ,467681 ,-2554 ,5978170 ,
2023-03-03,539000 ,542000 ,533000 ,538000 ,523000 ,528100 ,497475 ,512108 ,466969 ,-46345 ,5980724 ,
2023-03-02,520000 ,542000 ,516000 ,535000 ,516800 ,527850 ,497875 ,511654 ,466242 ,43709 ,6027069 ,
2023-02-28,516000 ,532000 ,515000 ,523000 ,511400 ,527200 ,498692 ,511221 ,465510 ,24270 ,5983360 ,
2023-02-27,507000 ,512000 ,499000 ,508000 ,510800 ,527100 ,499725 ,510879 ,464846 ,-2708 ,5959090 ,
2023-02-24,508000 ,522000 ,507000 ,511000 ,512400 ,527200 ,501042 ,510504 ,464358 ,11048 ,5961798 ,
2023-02-23,511000 ,515000 ,504000 ,507000 ,516800 ,526950 ,501975 ,510100 ,463969 ,-13660 ,5950750 ,
2023-02-22,507000 ,516000 ,504000 ,508000 ,525200 ,527450 ,502892 ,509754 ,463567 ,-38036 ,5964410 ,
2023-02-21,517000 ,522000 ,511000 ,520000 ,529000 ,526250 ,503942 ,509350 ,463175 ,-19892 ,6002446 ,
2023-02-20,534000 ,534000 ,511000 ,516000 ,530000 ,523725 ,504742 ,508896 ,462794 ,-82295 ,6022338 ,
2023-02-17,540000 ,548000 ,529000 ,533000 ,531200 ,520725 ,505492 ,508421 ,462465 ,-38677 ,6104633 ,
2023-02-16,534000 ,549000 ,531000 ,549000 ,533000 ,516975 ,506125 ,507738 ,462052 ,80151 ,6143310 ,
2023-02-15,531000 ,543000 ,526000 ,527000 ,533200 ,512425 ,506525 ,506871 ,461481 ,36018 ,6063159 ,
2023-02-14,526000 ,532000 ,520000 ,525000 ,537000 ,510100 ,507708 ,506167 ,461035 ,4069 ,6027141 ,
2023-02-13,536000 ,537000 ,522000 ,522000 ,540400 ,507750 ,508908 ,505517 ,460583 ,-3903 ,6023072 ,
2023-02-10,547000 ,548000 ,535000 ,542000 ,541000 ,505550 ,510208 ,504933 ,460250 ,-6510 ,6026975 ,
2023-02-09,544000 ,550000 ,540000 ,550000 ,539600 ,502175 ,511108 ,504196 ,459825 ,15314 ,6033485 ,
2023-02-08,545000 ,549000 ,542000 ,546000 ,536200 ,498350 ,512008 ,503450 ,459421 ,-14427 ,6018171 ,
2023-02-07,520000 ,544000 ,520000 ,542000 ,531400 ,494250 ,513308 ,502738 ,459040 ,13908 ,6032598 ,
2023-02-06,530000 ,533000 ,521000 ,525000 ,527200 ,489350 ,514358 ,502154 ,458675 ,-7695 ,6018690 ,
2023-02-03,533000 ,541000 ,530000 ,535000 ,524200 ,484775 ,515592 ,501596 ,458385 ,10042 ,6026385 ,
2023-02-02,529000 ,534000 ,522000 ,533000 ,518400 ,480175 ,516475 ,500950 ,458038 ,30074 ,6016343 ,
2023-02-01,527000 ,531000 ,518000 ,522000 ,515200 ,475550 ,517375 ,500233 ,457746 ,-21825 ,5986269 ,
2023-01-31,504000 ,528000 ,501000 ,521000 ,507600 ,471750 ,518542 ,499600 ,457579 ,-47327 ,6008094 ,
2023-01-30,498500 ,515000 ,490000 ,510000 ,497300 ,467475 ,519675 ,498950 ,457385 ,107783 ,6055421 ,
2023-01-27,525000 ,526000 ,504000 ,506000 ,486500 ,463800 ,520658 ,498342 ,457390 ,10084 ,5947638 ,
2023-01-26,485500 ,520000 ,476500 ,517000 ,476900 ,461350 ,521608 ,497600 ,457540 ,92716 ,5937554 ,
2023-01-25,470000 ,484000 ,470000 ,484000 ,465100 ,458375 ,521792 ,496788 ,457669 ,53672 ,5844838 ,
2023-01-20,456500 ,471500 ,450500 ,469500 ,464400 ,456950 ,522592 ,496271 ,457752 ,24328 ,5791166 ,
2023-01-19,458000 ,463000 ,448000 ,456000 ,466100 ,457050 ,523767 ,495821 ,457783 ,56867 ,5766838 ,
2023-01-18,464000 ,467000 ,454500 ,458000 ,470500 ,458100 ,524983 ,495300 ,457758 ,43401 ,5709971 ,
2023-01-17,478500 ,479000 ,454500 ,458000 ,473800 ,459575 ,525867 ,494767 ,457954 ,-8706 ,5666570 ,
2023-01-16,478500 ,480500 ,475500 ,480500 ,476900 ,460775 ,526717 ,494208 ,,22516 ,5675276 ,
2023-01-13,479500 ,482000 ,475500 ,478000 ,473600 ,461025 ,527025 ,493388 ,,15956 ,5652760 ,
2023-01-12,481000 ,482000 ,472000 ,478000 ,466800 ,461425 ,527308 ,492658 ,,4470 ,5636804 ,
2023-01-11,474000 ,478500 ,469000 ,474500 ,457900 ,462450 ,527633 ,491875 ,,-3967 ,5632334 ,
2023-01-10,473500 ,484000 ,467000 ,473500 ,451600 ,463550 ,527875 ,491113 ,,-1484 ,5636301 ,
2023-01-09,449500 ,465000 ,448500 ,464000 ,445000 ,464975 ,528175 ,490442 ,,11274 ,5637785 ,
2023-01-06,429500 ,444000 ,423000 ,444000 ,441400 ,467525 ,528492 ,489908 ,,29782 ,5626511 ,
2023-01-05,447000 ,450000 ,433000 ,433500 ,439700 ,471875 ,529042 ,489538 ,,7135 ,5596729 ,
2023-01-04,433000 ,445000 ,421000 ,443000 ,440300 ,478350 ,529867 ,489258 ,,-49504 ,5589594 ,
2023-01-03,446000 ,449500 ,435000 ,440500 ,443100 ,484150 ,530775 ,488908 ,,-44544 ,5639098 ,
2023-01-02,442000 ,455000 ,441500 ,446000 ,446500 ,490225 ,531475 ,488529 ,,7672 ,5683642 ,
2022-12-29,435500 ,442500 ,432500 ,435500 ,448400 ,497125 ,532008 ,488046 ,,-5010 ,5675970 ,
2022-12-28,450500 ,450500 ,432500 ,436500 ,455600 ,504600 ,532567 ,487529 ,,2065 ,5680980 ,
2022-12-27,457500 ,460000 ,449500 ,457000 ,463700 ,512125 ,532700 ,486979 ,,-38561 ,5678915 ,
2022-12-26,454000 ,459500 ,454000 ,457500 ,469800 ,517625 ,532192 ,486183 ,,20454 ,5717476 ,
2022-12-23,464000 ,465500 ,455000 ,455500 ,474700 ,522850 ,531900 ,485338 ,,44840 ,5697022 ,
2022-12-22,479500 ,481000 ,466500 ,471500 ,480700 ,528625 ,531533 ,484513 ,,29524 ,5652182 ,
2022-12-21,489500 ,493000 ,475000 ,477000 ,483600 ,533450 ,531075 ,483675 ,,-43701 ,5622658 ,
2022-12-20,478500 ,497500 ,477000 ,487500 ,487900 ,537650 ,530567 ,482963 ,,-11677 ,5666359 ,
2022-12-19,482500 ,483000 ,473000 ,482000 ,489700 ,541825 ,530117 ,482321 ,,-29 ,5678036 ,
2022-12-16,476500 ,489500 ,476500 ,485500 ,493700 ,546375 ,530225 ,481738 ,,38104 ,5678065 ,
2022-12-15,499000 ,502000 ,483000 ,486000 ,499600 ,552000 ,530125 ,481067 ,,22441 ,5639961 ,
2022-12-14,492500 ,502000 ,488000 ,498500 ,508600 ,557550 ,530083 ,480350 ,,-39557 ,5617520 ,
2022-12-13,506000 ,506000 ,489000 ,496500 ,521500 ,562625 ,529733 ,479538 ,,-21808 ,5657077 ,
2022-12-12,506000 ,514000 ,501000 ,502000 ,534000 ,567600 ,529892 ,478842 ,,126036 ,5678885 ,
2022-12-09,533000 ,534000 ,507000 ,515000 ,546000 ,572700 ,530042 ,478088 ,,96105 ,5552849 ,
2022-12-08,564000 ,567000 ,525000 ,531000 ,559800 ,578150 ,529767 ,477342 ,,-83109 ,5456744 ,
2022-12-07,558000 ,565000 ,553000 ,563000 ,570600 ,581850 ,529200 ,476475 ,,64565 ,5539853 ,
2022-12-06,555000 ,568000 ,553000 ,559000 ,575400 ,583650 ,527925 ,475283 ,,67184 ,5475288 ,
2022-12-05,582000 ,582000 ,562000 ,562000 ,577000 ,585100 ,526742 ,474179 ,,18144 ,5408104 ,
2022-12-02,585000 ,590000 ,578000 ,584000 ,577000 ,586350 ,525433 ,472954 ,,85952 ,5389960 ,
2022-12-01,589000 ,591000 ,579000 ,585000 ,574400 ,586750 ,523750 ,471629 ,,23691 ,5304008 ,
2022-11-30,563000 ,587000 ,556000 ,587000 ,571000 ,586950 ,522033 ,470275 ,,173328 ,5280317 ,
2022-11-29,562000 ,568000 ,558000 ,567000 ,565800 ,586050 ,519967 ,468929 ,,32517 ,5106989 ,
2022-11-28,573000 ,584000 ,554000 ,562000 ,566600 ,585850 ,518225 ,467804 ,,8663 ,5074472 ,
2022-11-25,568000 ,577000 ,566000 ,571000 ,568800 ,584150 ,516617 ,466767 ,,35809 ,5065809 ,
2022-11-24,568000 ,574000 ,565000 ,568000 ,574200 ,582200 ,514758 ,465679 ,,34986 ,5030000 ,
2022-11-23,574000 ,576000 ,557000 ,561000 ,580000 ,580800 ,513050 ,464646 ,,49622 ,4995014 ,
2022-11-22,569000 ,578000 ,558000 ,571000 ,587800 ,579200 ,511350 ,463633 ,,34293 ,4945392 ,
2022-11-21,600000 ,600000 ,571000 ,573000 ,592800 ,576200 ,509350 ,462463 ,,57705 ,4911099 ,
2022-11-18,600000 ,613000 ,597000 ,598000 ,599000 ,573000 ,507217 ,461275 ,,48153 ,4853394 ,
2022-11-17,596000 ,606000 ,593000 ,597000 ,604200 ,568050 ,504625 ,459846 ,,30623 ,4805241 ,
2022-11-16,599000 ,603000 ,585000 ,600000 ,605800 ,562950 ,502125 ,458525 ,,49958 ,4774618 ,
2022-11-15,604000 ,610000 ,586000 ,596000 ,605600 ,557825 ,499658 ,457175 ,,84702 ,4724660 ,
2022-11-14,618000 ,628000 ,602000 ,604000 ,604000 ,552475 ,497283 ,455825 ,,-18910 ,4639958 ,
2022-11-11,623000 ,629000 ,613000 ,624000 ,600600 ,546850 ,494892 ,454254 ,,58517 ,4658868 ,
2022-11-10,595000 ,610000 ,593000 ,605000 ,594200 ,539800 ,492167 ,452471 ,,30293 ,4600351 ,
2022-11-09,591000 ,599000 ,581000 ,599000 ,591000 ,533400 ,489950 ,450833 ,,64073 ,4570058 ,
2022-11-08,590000 ,590000 ,570000 ,588000 ,585000 ,527600 ,487600 ,449179 ,,47360 ,4505985 ,
2022-11-07,591000 ,596000 ,581000 ,587000 ,580000 ,523075 ,485425 ,447617 ,,7996 ,4458625 ,
2022-11-04,590000 ,598000 ,583000 ,592000 ,568200 ,517850 ,483092 ,445958 ,,24435 ,4450629 ,
2022-11-03,560000 ,593000 ,557000 ,589000 ,556200 ,512150 ,480658 ,444288 ,,9059 ,4426194 ,
2022-11-02,564000 ,585000 ,560000 ,569000 ,546400 ,506150 ,478225 ,442658 ,,27572 ,4417135 ,
2022-11-01,534000 ,563000 ,533000 ,563000 ,538400 ,499925 ,476025 ,441200 ,,142367 ,4389563 ,
2022-10-31,539000 ,542000 ,516000 ,528000 ,528000 ,493100 ,473592 ,439854 ,,31305 ,4247196 ,
2022-10-28,540000 ,549000 ,530000 ,532000 ,524200 ,488700 ,471783 ,438800 ,,74332 ,4215891 ,
2022-10-27,535000 ,545000 ,532000 ,540000 ,517600 ,483775 ,469950 ,437763 ,,16993 ,4141559 ,
2022-10-26,517000 ,530000 ,514000 ,529000 ,508600 ,478975 ,467875 ,436667 ,,67026 ,4124566 ,
2022-10-25,510000 ,526000 ,509000 ,511000 ,502300 ,474850 ,465617 ,435733 ,,34082 ,4057540 ,
2022-10-24,504000 ,510000 ,500000 ,509000 ,497900 ,472325 ,463667 ,434954 ,,31287 ,4023458 ,
2022-10-21,491000 ,499000 ,489000 ,499000 ,494400 ,471300 ,461700 ,434196 ,,-3126 ,3992171 ,
2022-10-20,499000 ,500000 ,484500 ,495000 ,491200 ,470325 ,459750 ,433567 ,,28429 ,3995297 ,
2022-10-19,491000 ,500000 ,489500 ,497500 ,487600 ,469750 ,458008 ,433050 ,,77224 ,3966868 ,
2022-10-18,497000 ,499500 ,481500 ,489000 ,484700 ,468750 ,456117 ,432542 ,,-260 ,3889644 ,
2022-10-17,479500 ,491500 ,477000 ,491500 ,486400 ,469600 ,454350 ,432108 ,,22525 ,3889904 ,
2022-10-14,487000 ,489500 ,479000 ,483000 ,484600 ,470575 ,452708 ,431650 ,,49289 ,3867379 ,
2022-10-13,484500 ,492500 ,476500 ,477000 ,483600 ,471350 ,451325 ,431254 ,,38507 ,3818090 ,
2022-10-12,497500 ,498000 ,475500 ,483000 ,482000 ,472350 ,450033 ,430888 ,,-26210 ,3779583 ,
2022-10-11,482000 ,497500 ,477500 ,497500 ,474300 ,472525 ,448650 ,430488 ,,152533 ,3805793 ,
2022-10-07,474500 ,486000 ,474000 ,482500 ,460100 ,472050 ,447042 ,430017 ,,65403 ,3653260 ,
2022-10-06,470000 ,487000 ,466500 ,478000 ,451600 ,472100 ,445583 ,429588 ,,18094 ,3587857 ,
2022-10-05,455000 ,470500 ,448500 ,469000 ,442700 ,472350 ,444083 ,429029 ,,26147 ,3569763 ,
2022-10-04,429500 ,446000 ,415000 ,444500 ,437700 ,473000 ,442492 ,428663 ,,2985 ,3543616 ,
2022-09-30,433000 ,438500 ,420000 ,426500 ,438100 ,473925 ,441258 ,428621 ,,-35660 ,3540631 ,
2022-09-29,440500 ,448000 ,436500 ,440000 ,444900 ,475725 ,440175 ,428704 ,,14311 ,3576291 ,
2022-09-28,444000 ,451500 ,427000 ,433500 ,454600 ,477000 ,438775 ,428742 ,,-14152 ,3561980 ,
2022-09-27,447500 ,451000 ,435000 ,444000 ,463800 ,478300 ,437492 ,428871 ,,-49262 ,3576132 ,
2022-09-26,453000 ,458000 ,440000 ,446500 ,471700 ,479375 ,436275 ,428825 ,,40059 ,3625394 ,
2022-09-23,489000 ,489500 ,460000 ,460500 ,477900 ,480000 ,435358 ,428671 ,,-30742 ,3585335 ,
2022-09-22,475500 ,492000 ,473500 ,488500 ,487000 ,479525 ,434525 ,428517 ,,-62 ,3616077 ,
2022-09-21,481500 ,487500 ,476500 ,479500 ,491500 ,477350 ,433250 ,428117 ,,-32723 ,3616139 ,
2022-09-20,484000 ,491000 ,475500 ,483500 ,495300 ,475500 ,432008 ,427796 ,,39483 ,3648862 ,
2022-09-19,507000 ,507000 ,475000 ,477500 ,498000 ,473675 ,430617 ,427404 ,,29692 ,3609379 ,
2022-09-16,512000 ,516000 ,501000 ,506000 ,499800 ,472400 ,429342 ,427083 ,,-27987 ,3579687 ,
2022-09-15,499500 ,513000 ,497500 ,511000 ,496200 ,469775 ,427792 ,426267 ,,76941 ,3607674 ,
2022-09-14,487000 ,500000 ,486500 ,498500 ,490700 ,467250 ,426133 ,425400 ,,33770 ,3530733 ,
2022-09-13,492000 ,500000 ,485500 ,497000 ,487600 ,465350 ,424917 ,424558 ,,117056 ,3496963 ,
2022-09-08,492500 ,494000 ,486000 ,486500 ,484600 ,464100 ,423750 ,423633 ,,6923 ,3379907 ,
2022-09-07,481500 ,490500 ,481000 ,488000 ,479900 ,462675 ,422642 ,422763 ,,20294 ,3372984 ,
2022-09-06,483000 ,486000 ,475000 ,483500 ,474800 ,461150 ,421617 ,421829 ,,10835 ,3352690 ,
2022-09-05,481500 ,492000 ,480500 ,483000 ,471200 ,459325 ,420475 ,420829 ,,-11236 ,3341855 ,
2022-09-02,467500 ,487000 ,466500 ,482000 ,466500 ,457475 ,419508 ,419800 ,,155755 ,3353091 ,
2022-09-01,455500 ,469000 ,455000 ,463000 ,463200 ,455525 ,418517 ,418813 ,,25143 ,3197336 ,
2022-08-31,462500 ,466000 ,455000 ,462500 ,462400 ,454225 ,417892 ,418213 ,,-2139 ,3172193 ,
2022-08-30,470500 ,478000 ,463500 ,465500 ,460100 ,451950 ,417383 ,417838 ,,51490 ,3174332 ,
2022-08-29,451000 ,465000 ,447500 ,459500 ,456000 ,449650 ,416917 ,417379 ,,80966 ,3122842 ,
2022-08-26,461000 ,467000 ,460500 ,465500 ,452600 ,447775 ,416600 ,417000 ,,70583 ,3041876 ,
2022-08-25,452500 ,459000 ,449000 ,459000 ,448900 ,445275 ,416242 ,416692 ,,39185 ,2971293 ,
2022-08-24,449500 ,454000 ,441500 ,451000 ,447500 ,442000 ,415917 ,416508 ,,27484 ,2932108 ,
2022-08-23,441500 ,449000 ,439500 ,445000 ,448000 ,439150 ,415575 ,416367 ,,32008 ,2904624 ,
2022-08-22,441500 ,447500 ,438500 ,442500 ,451100 ,436450 ,415333 ,416092 ,,53434 ,2872616 ,
2022-08-19,452500 ,455000 ,445500 ,447000 ,454700 ,433425 ,415067 ,415904 ,,75360 ,2819182 ,
2022-08-18,450000 ,455000 ,445000 ,452000 ,459700 ,430600 ,414925 ,415650 ,,54615 ,2743822 ,
2022-08-17,461000 ,461500 ,450000 ,453500 ,460900 ,427200 ,414692 ,415567 ,,63412 ,2689207 ,
2022-08-16,464500 ,469500 ,458500 ,460500 ,461700 ,423675 ,414367 ,415454 ,,39504 ,2625795 ,
2022-08-12,469000 ,473000 ,455500 ,460500 ,459000 ,420300 ,413617 ,415392 ,,35190 ,2586291 ,
2022-08-11,462000 ,474000 ,461000 ,472000 ,456100 ,417275 ,412775 ,415342 ,,199676 ,2551101 ,
2022-08-10,455500 ,459500 ,452500 ,458000 ,450300 ,413650 ,411717 ,415196 ,,34125 ,2351425 ,
2022-08-09,448000 ,458500 ,444000 ,457500 ,446100 ,410750 ,410758 ,415175 ,,100611 ,2317300 ,
2022-08-08,443000 ,448500 ,440500 ,447000 ,438000 ,407925 ,409808 ,415125 ,,19980 ,2216689 ,
2022-08-05,443500 ,449000 ,440500 ,446000 ,432500 ,405325 ,408825 ,415258 ,,23230 ,2196709 ,
2022-08-04,444500 ,446500 ,438500 ,443000 ,427700 ,402425 ,407917 ,415558 ,,98824 ,2173479 ,
2022-08-03,416000 ,437000 ,415500 ,437000 ,422200 ,398950 ,407092 ,415821 ,,104258 ,2074655 ,
2022-08-02,420000 ,424000 ,413000 ,417000 ,413500 ,395625 ,406375 ,416438 ,,20845 ,1970397 ,
2022-08-01,420000 ,428000 ,416500 ,419500 ,408900 ,392850 ,406117 ,417479 ,,26144 ,1949552 ,
2022-07-29,416000 ,423000 ,411000 ,422000 ,403200 ,389675 ,405817 ,418550 ,,13792 ,1923408 ,
2022-07-28,396000 ,419000 ,393500 ,415500 ,395200 ,386400 ,405575 ,419233 ,,454744 ,1909616 ,
2022-07-27,383000 ,397000 ,382500 ,393500 ,390200 ,384175 ,405458 ,419746 ,,199053 ,1454872 ,
2022-07-26,388000 ,409500 ,386500 ,394000 ,388300 ,384075 ,405850 ,420217 ,,96026 ,1255819 ,
2022-07-25,376000 ,393500 ,371000 ,391000 ,386100 ,384900 ,406242 ,421142 ,,115007 ,1159793 ,
2022-07-22,391500 ,392500 ,382000 ,382000 ,386500 ,385950 ,406692 ,,,-39783 ,1044786 ,
2022-07-21,385000 ,390500 ,384500 ,390500 ,390100 ,387100 ,407383 ,,,64185 ,1084569 ,
2022-07-20,387000 ,389500 ,383500 ,384000 ,391900 ,387575 ,408092 ,,,-10247 ,1020384 ,
2022-07-19,391500 ,393500 ,382500 ,383000 ,395100 ,388425 ,408967 ,,,-26782 ,1030631 ,
2022-07-18,400000 ,400500 ,387000 ,393000 ,398700 ,389925 ,409867 ,,,9128 ,1057413 ,
2022-07-15,401500 ,402000 ,394000 ,400000 ,399100 ,390850 ,410592 ,,,36031 ,1048285 ,
2022-07-14,400000 ,404000 ,399000 ,399500 ,396700 ,392125 ,411183 ,,,52937 ,1012254 ,
2022-07-13,398500 ,404000 ,392000 ,400000 ,391500 ,393500 ,411742 ,,,51211 ,959317 ,
2022-07-12,393000 ,403000 ,387500 ,401000 ,385600 ,394500 ,412325 ,,,90485 ,908106 ,
2022-07-11,389000 ,402000 ,380500 ,395000 ,377700 ,395775 ,412992 ,,,47432 ,817621 ,
2022-07-08,375000 ,392500 ,375000 ,388000 ,369900 ,396775 ,413592 ,,,12482 ,770189 ,
2022-07-07,374500 ,375000 ,367500 ,373500 ,363600 ,398625 ,413975 ,,,16369 ,757707 ,
2022-07-06,367500 ,374500 ,364000 ,370500 ,363100 ,401075 ,414833 ,,,-3554 ,741338 ,
2022-07-05,356500 ,362500 ,356000 ,361500 ,367300 ,403825 ,415983 ,,,-22286 ,744892 ,
2022-07-04,356500 ,361000 ,352000 ,356000 ,377100 ,407350 ,417233 ,,,8151 ,767178 ,
2022-07-01,371000 ,371500 ,356000 ,356500 ,388300 ,411425 ,418708 ,,,-62183 ,759027 ,
2022-06-30,388500 ,389000 ,370500 ,371000 ,398000 ,415625 ,420250 ,,,-62789 ,821210 ,
2022-06-29,402000 ,403500 ,391500 ,391500 ,403800 ,419275 ,421375 ,,,-103874 ,883999 ,
2022-06-28,412000 ,415000 ,406500 ,410500 ,405700 ,421675 ,421983 ,,,8862 ,987873 ,
2022-06-27,408500 ,414500 ,403500 ,412000 ,406200 ,422675 ,422508 ,,,26204 ,979011 ,
2022-06-24,399000 ,405000 ,398000 ,405000 ,406100 ,423600 ,422983 ,,,-35918 ,952807 ,
2022-06-23,401000 ,404500 ,391000 ,400000 ,410200 ,424675 ,423583 ,,,-28254 ,988725 ,
2022-06-22,415000 ,416500 ,401000 ,401000 ,415600 ,426600 ,424192 ,,,-43727 ,1016979 ,
2022-06-21,414500 ,416500 ,406000 ,413000 ,419400 ,428450 ,424825 ,,,-34890 ,1060706 ,
2022-06-20,426500 ,427000 ,408500 ,411500 ,422100 ,429500 ,424742 ,,,-86368 ,1095596 ,
2022-06-17,419500 ,430000 ,417000 ,425500 ,422800 ,429700 ,424667 ,,,60589 ,1181964 ,
2022-06-16,424500 ,439500 ,424500 ,427000 ,422700 ,428925 ,424200 ,,,64072 ,1121375 ,
2022-06-15,426000 ,427500 ,417000 ,420000 ,421800 ,428000 ,423517 ,,,-10226 ,1057303 ,
2022-06-14,411000 ,432500 ,410500 ,426500 ,422900 ,427025 ,422883 ,,,51133 ,1067529 ,
2022-06-13,414000 ,420500 ,413500 ,415000 ,424000 ,425725 ,422042 ,,,22448 ,1016396 ,
2022-06-10,418000 ,426000 ,412500 ,425000 ,428500 ,424375 ,421183 ,,,-8191 ,993948 ,
2022-06-09,426000 ,426000 ,419000 ,422500 ,431600 ,422700 ,420092 ,,,2148 ,1002139 ,
2022-06-08,432500 ,434500 ,422500 ,425500 ,435900 ,421250 ,419108 ,,,13967 ,999991 ,
2022-06-07,436500 ,439500 ,432000 ,432000 ,438700 ,419675 ,418533 ,,,34710 ,986024 ,
2022-06-03,443500 ,444000 ,437500 ,437500 ,438400 ,418150 ,418292 ,,,-12648 ,951314 ,
2022-06-02,440500 ,442000 ,438000 ,440500 ,437000 ,416350 ,417842 ,,,31047 ,963962 ,
2022-05-31,441500 ,444000 ,436000 ,444000 ,434200 ,414700 ,417400 ,,,103031 ,932915 ,
2022-05-30,434500 ,440000 ,432000 ,439500 ,433100 ,412925 ,417142 ,,,95940 ,829884 ,
2022-05-27,434500 ,437000 ,427500 ,430500 ,432800 ,411800 ,417100 ,,,-1021 ,733944 ,
2022-05-26,426500 ,432500 ,424500 ,430500 ,433500 ,411150 ,417158 ,,,40520 ,734965 ,
2022-05-25,439000 ,439000 ,422000 ,426500 ,430500 ,410525 ,416850 ,,,-49356 ,694445 ,
2022-05-24,438500 ,444000 ,436500 ,438500 ,427200 ,410375 ,416742 ,,,118842 ,743801 ,
2022-05-23,438500 ,444000 ,432500 ,438000 ,421200 ,410100 ,416375 ,,,101447 ,624959 ,
2022-05-20,421000 ,439000 ,418000 ,434000 ,413700 ,410025 ,416442 ,,,252087 ,523512 ,
2022-05-19,398500 ,417000 ,398500 ,415500 ,407000 ,410175 ,416542 ,,,47031 ,271425 ,
2022-05-18,410000 ,413000 ,407500 ,410000 ,401500 ,411225 ,417167 ,,,19718 ,224394 ,
2022-05-17,400500 ,411000 ,399000 ,408500 ,397800 ,412500 ,417908 ,,,8212 ,204676 ,
2022-05-16,407000 ,407500 ,397000 ,400500 ,394800 ,413725 ,418675 ,,,12246 ,196464 ,
2022-05-13,390500 ,401500 ,390500 ,400500 ,393500 ,415450 ,419592 ,,,32156 ,184218 ,
2022-05-12,390000 ,395500 ,386000 ,388000 ,393700 ,417475 ,420442 ,,,-14783 ,152062 ,
2022-05-11,394000 ,398000 ,391500 ,391500 ,396400 ,419625 ,421692 ,,,26985 ,166845 ,
2022-05-10,387500 ,398500 ,382000 ,393500 ,399600 ,420600 ,423200 ,,,69176 ,139860 ,
2022-05-09,397000 ,400000 ,390000 ,394000 ,402600 ,422175 ,424550 ,,,-18989 ,70684 ,
2022-05-06,395000 ,401500 ,390000 ,401500 ,407200 ,424450 ,426500 ,,,-57581 ,89673 ,
2022-05-04,409500 ,410500 ,399500 ,401500 ,410400 ,426200 ,428842 ,,,22361 ,147254 ,
2022-05-03,409500 ,415000 ,406500 ,407500 ,413700 ,428350 ,431283 ,,,7666 ,124893 ,
2022-05-02,412500 ,414500 ,407000 ,408500 ,416900 ,430425 ,432892 ,,,-23868 ,117227 ,
2022-04-29,418000 ,426000 ,414000 ,417000 ,421800 ,431925 ,434033 ,,,80201 ,141095 ,
2022-04-28,420500 ,421000 ,412500 ,417500 ,425700 ,432475 ,434583 ,,,51440 ,60894 ,
2022-04-27,399500 ,427000 ,397000 ,418000 ,429600 ,433700 ,436042 ,,,90608 ,9454 ,
2022-04-26,432000 ,432000 ,414500 ,423500 ,433300 ,434825 ,,,,-69279 ,-81154 ,
2022-04-25,430000 ,436000 ,428500 ,433000 ,435700 ,435700 ,,,,64869 ,-11875 ,
2022-04-22,434000 ,437500 ,428500 ,436500 ,435700 ,435875 ,,,,27837 ,-76744 ,
2022-04-21,437500 ,440000 ,434500 ,437000 ,435400 ,436000 ,,,,15040 ,-104581 ,
2022-04-20,437500 ,438000 ,432000 ,436500 ,436200 ,434550 ,,,,-25478 ,-119621 ,
2022-04-19,438000 ,441500 ,434000 ,435500 ,435100 ,433075 ,,,,-1157 ,-94143 ,
2022-04-18,434000 ,439500 ,432500 ,433000 ,430200 ,431175 ,,,,-3760 ,-92986 ,
2022-04-15,435500 ,445000 ,431500 ,435000 ,428600 ,428825 ,,,,2745 ,-89226 ,
2022-04-14,434000 ,441000 ,427500 ,441000 ,429500 ,426175 ,,,,22737 ,-91971 ,
2022-04-13,414000 ,431500 ,404000 ,431000 ,428600 ,422925 ,,,,-28286 ,-114708 ,
2022-04-12,417000 ,421500 ,410000 ,411000 ,431300 ,419550 ,,,,-39971 ,-86422 ,
2022-04-11,435000 ,435500 ,423500 ,425000 ,438900 ,416975 ,,,,-41741 ,-46451 ,
2022-04-08,449000 ,449000 ,437500 ,439500 ,441600 ,413900 ,,,,39125 ,-4710 ,
2022-04-07,438000 ,442000 ,431000 ,436500 ,439300 ,411475 ,,,,-20779 ,-43835 ,
2022-04-06,436000 ,448500 ,436000 ,444500 ,440400 ,410525 ,,,,-10522 ,-23056 ,
2022-04-05,442500 ,450000 ,437000 ,449000 ,439600 ,408825 ,,,,49570 ,-12534 ,
2022-04-04,422000 ,440500 ,417500 ,438500 ,438000 ,407075 ,,,,-5123 ,-62104 ,
2022-04-01,438500 ,439500 ,425000 ,428000 ,437600 ,406575 ,,,,-23691 ,-56981 ,
2022-03-31,437000 ,444000 ,435000 ,442000 ,439800 ,407025 ,,,,16672 ,-33290 ,
2022-03-30,444500 ,445000 ,427000 ,440500 ,433000 ,406625 ,,,,-36562 ,-49962 ,
2022-03-29,443000 ,448500 ,440500 ,441000 ,426300 ,405200 ,,,,19431 ,-13400 ,
2022-03-28,439000 ,443000 ,430000 ,436500 ,417600 ,404150 ,,,,23202 ,-32831 ,
2022-03-25,418500 ,444000 ,417500 ,439000 ,407500 ,403150 ,,,,265961 ,-56033 ,
2022-03-24,405000 ,410000 ,398000 ,408000 ,396100 ,403300 ,,,,7881 ,-321994 ,
2022-03-23,403000 ,407500 ,398000 ,407000 ,389700 ,404900 ,,,,37890 ,-329875 ,
2022-03-22,388500 ,399000 ,388000 ,397500 ,381000 ,407200 ,,,,99384 ,-367765 ,
2022-03-21,385000 ,397500 ,384000 ,386000 ,373400 ,410050 ,,,,13844 ,-467149 ,
2022-03-18,377500 ,384000 ,370500 ,382000 ,368900 ,413475 ,,,,15131 ,-480993 ,
2022-03-17,374000 ,381500 ,373000 ,376000 ,370700 ,417150 ,,,,-44785 ,-496124 ,
2022-03-16,367000 ,367500 ,360000 ,363500 ,379000 ,420925 ,,,,-31910 ,-451339 ,
2022-03-15,363000 ,370000 ,355000 ,359500 ,388400 ,425900 ,,,,-223604 ,-419429 ,
2022-03-14,385000 ,385500 ,361500 ,363500 ,399300 ,432025 ,,,,-463151 ,-195825 ,
2022-03-11,411500 ,412000 ,390500 ,391000 ,412300 ,437575 ,,,,-636311 ,267326 ,
2022-03-10,421000 ,430500 ,417500 ,417500 ,421500 ,443575 ,,,,61666 ,903637 ,
2022-03-08,406000 ,417000 ,402500 ,410500 ,424800 ,449800 ,,,,45017 ,841971 ,
2022-03-07,420500 ,421000 ,412000 ,414000 ,425100 ,456675 ,,,,-45564 ,796954 ,
2022-03-04,433500 ,436500 ,427000 ,428500 ,426300 ,461175 ,,,,-24817 ,842518 ,
2022-03-03,439500 ,441000 ,430000 ,437000 ,423900 ,463600 ,,,,-28303 ,867335 ,
2022-03-02,411000 ,434500 ,408500 ,434000 ,424900 ,464250 ,,,,16717 ,895638 ,
2022-02-28,404500 ,422000 ,404000 ,412000 ,426100 ,467800 ,,,,-94530 ,878921 ,
2022-02-25,425000 ,430000 ,418500 ,420000 ,434300 ,,,,,18076 ,973451 ,
2022-02-24,435000 ,438000 ,416000 ,416500 ,441200 ,,,,,-43789 ,955375 ,
2022-02-23,443500 ,446000 ,438000 ,442000 ,448800 ,,,,,-21298 ,999164 ,
2022-02-22,444500 ,448000 ,440000 ,440000 ,451500 ,,,,,-100712 ,1020462 ,
2022-02-21,450000 ,453000 ,447500 ,453000 ,453800 ,,,,,-6966 ,1121174 ,
2022-02-18,448500 ,454500 ,448000 ,454500 ,455800 ,,,,,22584 ,1128140 ,
2022-02-17,454500 ,460000 ,447000 ,454500 ,461300 ,,,,,5432 ,1105556 ,
2022-02-16,464000 ,465000 ,449500 ,455500 ,465300 ,,,,,-7834 ,1100124 ,
2022-02-15,460000 ,468000 ,450000 ,451500 ,476400 ,,,,,15343 ,1107958 ,
2022-02-14,473000 ,482000 ,459500 ,463000 ,494500 ,,,,,593679 ,1092615 ,
2022-02-11,463500 ,484000 ,457000 ,482000 ,511500 ,,,,,173753 ,498936 ,
2022-02-10,507000 ,507000 ,471500 ,474500 ,515900 ,,,,,123257 ,325183 ,
2022-02-09,550000 ,557000 ,505000 ,511000 ,516400 ,,,,,140175 ,201926 ,
2022-02-08,554000 ,577000 ,524000 ,542000 ,504200 ,,,,,5303 ,61751 ,
2022-02-07,520000 ,548000 ,511000 ,548000 ,496800 ,,,,,113405 ,56448 ,
2022-02-04,476500 ,505000 ,476000 ,504000 ,,,,,,144075 ,-56957 ,
2022-02-03,458000 ,495500 ,441000 ,477000 ,,,,,,223476 ,-201032 ,
2022-01-28,476000 ,483000 ,445000 ,450000 ,,,,,,-424508 ,-424508 ,
2022-01-27,597000 ,598000 ,450000 ,505000 ,,,,,,,,
