,Ticker,Name,Precision_RF,Precision_DT,Precision_LR,Precision_SVM
113,383800,LX홀딩스,0.482051282,0.523732719,0.540350877,0.875
499,67830,세이브존I&C,0.53279321,0.492192691,0.534848485,0.870535714
375,17180,명문제약,0.422159091,0.478921569,0.476485149,0.857142857
283,300,대유플러스,0.541774892,0.492555831,0.431395349,0.845
530,2870,신풍,0.52498033,0.524359886,0.508250825,0.84375
333,4890,동일산업,0.438664596,0.524086022,0.842857143,0.842857143
860,00088K,한화3우B,0.567391304,0.581347729,0.333333333,0.842342342
371,88980,맥쿼리인프라,0.460539461,0.535011802,0.520833333,0.834821429
807,970,한국주철관,0.583574879,0.412681913,0.772911051,0.830357143
270,3545,대신증권우,0.580909091,0.528219697,0.585051546,0.828828829
728,120115,코오롱인더우,0.426075269,0.500332226,0.696100917,0.828703704
476,4415,서울식품우,0.478361345,0.59939759,0.511309524,0.825892857
417,8040,사조동아원,0.457859175,0.51461794,0.580097087,0.825892857
651,230,일동홀딩스,0.657349896,0.515396825,0.728703704,0.824324324
541,4920,씨아이테크,0.492926284,0.488704319,0.651515152,0.821428571
324,8970,동양철관,0.533705962,0.500790639,0.577956989,0.816964286
119,5940,NH투자증권,0.625124875,0.549084249,0.565789474,0.813636364
767,1020,페이퍼코리아,0.522338049,0.495719178,0.560810811,0.8125
864,9835,한화솔루션우,0.587486157,0.533691756,0.495580808,0.811320755
411,5030,부산주공,0.425252525,0.413821138,0.481818182,0.809090909
585,670,영풍,0.513787375,0.565384615,0.526260504,0.800925926
221,24110,기업은행,0.613306983,0.552224371,0.571980676,0.799107143
620,225,유유제약1우,0.454945055,0.442687747,0.467650104,0.793577982
317,28100,동아지질,0.512987013,0.523650794,0.57251462,0.788288288
421,1470,삼부토건,0.541208791,0.518081761,0.646153846,0.785714286
629,25820,이구산업,0.481060606,0.491981132,0.485561056,0.783783784
626,3465,유화증권우,0.613910422,0.557192982,0.594086022,0.772229381
230,3925,남양유업우,0.45,0.50581761,0.768181818,0.763392857
601,49800,우진플라임,0.544871795,0.533388704,0.768151815,0.753115265
215,11785,금호석유우,0.535099053,0.558321479,0.753115265,0.753115265
209,14285,금강공업우,0.516420361,0.563508772,0.583091787,0.749326146
355,330590,롯데리츠,0.56131019,0.514566396,0.65576324,0.74376947
826,20000,한섬,0.524586939,0.493144133,0.529251701,0.735175202
527,1725,신영증권우,0.697058824,0.611742424,0.687850467,0.731391586
763,4720,팜젠사이언스,0.556479556,0.544766709,0.71657754,0.722619048
588,12160,영흥,0.505334282,0.501369863,0.555825243,0.710185185
288,1440,대한전선,0.586132178,0.481792717,0.597985348,0.705
67,96760,JW홀딩스,0.592638691,0.554967949,0.621778351,0.700925926
196,9290,광동제약,0.487889984,0.482048748,0.555769231,0.700688073
789,152550,한국ANKOR유전,0.756916996,0.564102564,0.564102564,0.697368421
842,18880,한온시스템,0.604016064,0.506377551,0.534057971,0.691513761
316,170900,동아에스티,0.552272727,0.547619048,0.496778351,0.691513761
625,3460,유화증권,0.529468599,0.58495671,0.761111111,0.687878788
177,37270,YG PLUS,0.520398482,0.531210593,0.673646907,0.686926606
770,22100,포스코DX,0.562774639,0.485926629,0.575438596,0.686881188
831,10420,한솔PNS,0.536472603,0.537339744,0.642446634,0.685714286
172,84870,TBH글로벌,0.432392027,0.487345879,0.547991968,0.684951456
327,18500,동원금속,0.524144869,0.533910534,0.513528139,0.68233945
246,58730,다스코,0.5056899,0.513787375,0.651153846,0.681930693
247,30210,다올투자증권,0.549242424,0.514566396,0.545910494,0.681153846
707,1620,케이비아이동국실업,0.479208585,0.468364698,0.550970874,0.677752294
263,84690,대상홀딩스,0.528462998,0.600720551,0.639319552,0.675724638
714,7815,코리아써우,0.503546099,0.515180266,0.613664216,0.674963925
509,17550,수산중공업,0.491113347,0.421077806,0.550549451,0.673165138
647,34590,인천도시가스,0.535227273,0.550612508,0.584951456,0.669781931
397,377740,바이오노트,0.666666667,0.666666667,0.666666667,0.666666667
690,88790,진도,0.451039571,0.438679245,0.524090909,0.66547619
419,14710,사조씨푸드,0.542465753,0.518757881,0.321100917,0.665151515
104,79550,LIG넥스원,0.565939279,0.572570533,0.493733062,0.662605042
877,86280,현대글로비스,0.492532006,0.553278689,0.516544118,0.65940367
208,14280,금강공업,0.532361309,0.573040752,0.797297297,0.65902965
701,650,천일고속,0.574670825,0.516139657,0.627692308,0.658333333
604,5820,원림,0.474621212,0.406926407,0.597567288,0.655952381
189,9140,경인전자,0.528667163,0.482922201,0.599893162,0.65576324
741,39490,키움증권,0.514102564,0.575031526,0.510679612,0.655448718
305,2150,도화엔지니어링,0.532948622,0.526645768,0.506410256,0.655357143
379,9680,모토닉,0.543223443,0.609302326,0.452040816,0.653638814
146,6125,SK디스커버리우,0.466168371,0.575320513,0.569047619,0.651515152
330,14820,동원시스템즈,0.515719697,0.54527163,0.57967033,0.651515152
613,77500,유니퀘스트,0.428021978,0.567176871,0.48046398,0.647277228
98,11070,LG이노텍,0.548977183,0.483541234,0.496488764,0.646969697
664,226320,잇츠한불,0.582843137,0.555660974,0.625612745,0.646153846
691,3780,진양산업,0.515939016,0.506446541,0.582993197,0.642424242
837,25750,한솔홈데코,0.524385704,0.544207317,0.588304094,0.642357642
757,363280,티와이홀딩스,0.577481273,0.497916667,0.625336927,0.637962963
70,2380,KCC,0.528759529,0.446078431,0.614583333,0.637878788
134,1380,SG글로벌,0.599932931,0.556862745,0.561827957,0.637878788
737,5740,크라운해태홀딩스,0.602610442,0.612878788,0.58041958,0.636217949
508,126720,수산인더스트리,0.446969697,0.561403509,0.616666667,0.634615385
52,267260,HD현대일렉트릭,0.502425502,0.479208585,0.536263736,0.634559885
638,102460,이연제약,0.558982684,0.564730694,0.613605442,0.634199134
825,9240,한샘,0.528502415,0.578044872,0.582993197,0.631871345
93,51900,LG생활건강,0.613211467,0.535714286,0.618627451,0.630924631
155,96770,SK이노베이션,0.534538153,0.554400554,0.494401378,0.628787879
12,11155,CJ씨푸드1우,0.564835165,0.457475083,0.596116505,0.627725857
151,402340,SK스퀘어,0.541940789,0.479166667,0.52670112,0.626984127
48,267250,HD현대,0.577806122,0.531891026,0.567251462,0.626818182
480,14910,성문전자,0.619382964,0.553156146,0.632117882,0.626699029
560,18250,애경산업,0.49069248,0.453439325,0.477307692,0.624242424
519,4170,신세계,0.572088353,0.391103316,0.592857143,0.623931624
897,126560,현대퓨처넷,0.537460317,0.43081761,0.300884956,0.622692308
248,23590,다우기술,0.603151261,0.504776021,0.540998217,0.622242647
211,1570,금양,0.526031746,0.568553459,0.619949495,0.621363636
63,234080,JW생명과학,0.497773973,0.487525988,0.543817204,0.621153846
746,11280,태림포장,0.519047619,0.490610329,0.633333333,0.620619946
143,18670,SK가스,0.52745098,0.482641142,0.564379085,0.61969697
366,11170,롯데케미칼,0.576190476,0.448945982,0.591954023,0.619260918
780,293480,하나제약,0.506410256,0.518217893,0.684818482,0.619123932
694,51630,진양화학,0.59736428,0.550175439,0.553030303,0.617261905
729,138490,코오롱플라스틱,0.63089701,0.57908805,0.534946237,0.614357864
674,2620,제일파마홀딩스,0.610264228,0.626541207,0.517204301,0.613997114
145,6120,SK디스커버리,0.511842959,0.531484962,0.562174237,0.613661814
425,28260,삼성물산,0.517939815,0.483881367,0.572580645,0.613448845
922,93370,후성,0.575971178,0.593137255,0.515246015,0.611827957
31,155660,DSR,0.443094136,0.536209286,0.578282828,0.611185984
197,17040,광명전기,0.486996337,0.514254386,0.481601732,0.610185185
525,5800,신영와코루,0.585294118,0.497202797,0.518181818,0.609243697
298,69460,대호에이엘,0.492243867,0.564313346,0.558210784,0.607892108
350,13570,디와이,0.549156392,0.505325815,0.570987654,0.60636646
71,344820,KCC글라스,0.534215784,0.638175231,0.413773796,0.606060606
46,294870,HDC현대산업개발,0.593171296,0.544164541,0.486791237,0.606060606
174,69260,TKG휴켐스,0.476190476,0.555125725,0.507575758,0.605670103
382,33920,무학,0.483231707,0.50408805,0.559863946,0.604700855
865,272210,한화시스템,0.552730697,0.483418367,0.430821918,0.603896104
841,1755,한양증권우,0.534749671,0.549022699,0.653794038,0.603157895
96,3555,LG우,0.554376658,0.565719697,0.516666667,0.601351351
2,27410,BGF,0.554924242,0.53886693,0.471500722,0.600925926
460,4690,삼천리,0.608496732,0.632964453,0.596460459,0.600908501
802,15760,한국전력,0.598585323,0.538071895,0.659223301,0.60046729
821,53690,한미글로벌,0.518656716,0.464903846,0.501363636,0.599688474
488,4360,세방,0.627506266,0.565396825,0.560031348,0.599056604
614,2920,유성기업,0.508219178,0.538286827,0.609195402,0.598830409
901,3010,혜인,0.453219697,0.444070513,0.596005155,0.597593583
804,27970,한국제지,0.508851298,0.592979127,0.567821068,0.596846847
908,6060,화승인더,0.460294118,0.530938834,0.414912281,0.596846847
621,227,유유제약2우B,0.551098901,0.544191919,0.687878788,0.595578231
723,2020,코오롱,0.537162162,0.533536585,0.637096774,0.59503866
557,10780,아이에스동서,0.569277108,0.443589744,0.553738318,0.593567251
349,377190,디앤디플랫폼리츠,0.633040936,0.431020734,0.482600733,0.593373494
136,1770,SHD,0.606291884,0.563650794,0.605512489,0.592691622
233,5725,넥센우,0.51863354,0.501282051,0.554761905,0.592318059
827,3680,한성기업,0.55224359,0.505325815,0.545352744,0.591058052
535,55550,신한지주,0.524547804,0.522002772,0.57409688,0.590528351
514,16590,신대양제지,0.664754747,0.604355401,0.581162791,0.59047619
506,248070,솔루엠,0.448504983,0.41984127,0.553312629,0.590277778
847,6390,한일현대시멘트,0.583157895,0.537262873,0.608641359,0.588744589
165,100840,SNT에너지,0.545995671,0.500160256,0.607142857,0.588393422
709,281820,케이씨텍,0.509557344,0.489247312,0.53974359,0.588383838
418,7160,사조산업,0.537605042,0.596053611,0.722619048,0.588095238
90,93050,LF,0.519282361,0.561205273,0.609824561,0.587622549
370,1080,만호제강,0.506707317,0.416768666,0.56959707,0.587201592
139,123700,SJM,0.552224371,0.53886693,0.554123711,0.585322723
45,89470,HDC현대EP,0.547594851,0.505396825,0.524074074,0.585051546
671,30000,제일기획,0.555462185,0.428942245,0.560606061,0.584951456
813,34830,한국토지신탁,0.545204795,0.552134647,0.509803922,0.584862385
606,8600,윌비스,0.500160256,0.533427495,0.604296066,0.583763997
929,3280,흥아해운,0.429919679,0.559617918,0.498397436,0.583333333
274,9320,대우부품,0.484469697,0.529007378,0.566789216,0.583040936
492,306200,세아제강,0.663013699,0.541826923,0.305309735,0.582993197
843,9420,한올바이오파마,0.539700997,0.536858974,0.454951601,0.582884097
875,720,현대건설,0.500468165,0.457180501,0.608641359,0.582884097
409,26940,부국철강,0.520603504,0.522955975,0.555462185,0.582730924
207,14530,극동유화,0.519771242,0.615892972,0.562437562,0.581683168
669,194370,제이에스코퍼레이션,0.476525822,0.492467949,0.5004995,0.581578947
619,220,유유제약,0.542673993,0.519934641,0.563369963,0.581550802
494,19440,세아특수강,0.477894737,0.483939001,0.317757009,0.580275229
672,271980,제일약품,0.602941176,0.527124183,0.327433628,0.580275229
735,264900,크라운제과,0.563346883,0.479192938,0.629560685,0.579125178
562,11090,에넥스,0.476600985,0.429697352,0.633333333,0.578828829
154,03473K,SK우,0.516632017,0.487345879,0.465533981,0.578282828
58,60980,HL홀딩스,0.556092437,0.585423197,0.476715686,0.577777778
439,29780,삼성카드,0.621456186,0.547831633,0.62830033,0.577102804
11,11150,CJ씨푸드,0.565711462,0.513782051,0.56184739,0.57705314
32,69730,DSR제강,0.444019934,0.534212178,0.645133506,0.576315789
415,5180,빙그레,0.550526316,0.500160256,0.539757412,0.575688073
878,64350,현대로템,0.583974359,0.547919294,0.530107188,0.575653595
858,372910,한컴라이프케어,0.512896825,0.474358974,0.611111111,0.575301205
407,1270,부국증권,0.62983871,0.477453102,0.544966997,0.575170068
332,163560,동일고무벨트,0.431566182,0.468137255,0.577956989,0.574742268
839,11700,한신기계,0.45400641,0.50426945,0.550175439,0.574230769
446,2170,삼양통상,0.577922078,0.544096728,0.648921833,0.57277628
635,15020,이스타코,0.518123306,0.545040804,0.661254199,0.571746881
563,137310,에스디바이오센서,0.538229376,0.547311828,0.479919679,0.571428571
435,1360,삼성제약,0.479166667,0.507475083,0.636734694,0.571100917
795,25540,한국단자,0.501303053,0.474418605,0.558747412,0.571052632
240,325,노루홀딩스우,0.441136364,0.481561462,0.566513761,0.57038835
94,51905,LG생활건강우,0.573881173,0.549346405,0.318584071,0.56981982
140,25530,SJM홀딩스,0.599932249,0.480075901,0.447040498,0.568081344
496,13000,세우글로벌,0.433968254,0.490226986,0.579433498,0.567857143
916,4800,효성,0.455284553,0.463333333,0.538961039,0.567182817
849,51600,한전KPS,0.53481241,0.54952381,0.439922481,0.56684492
242,5250,녹십자홀딩스,0.508873457,0.573500967,0.495462046,0.56684492
163,3570,SNT다이내믹스,0.582131661,0.513941103,0.586798337,0.56684492
587,12280,영화금속,0.567279942,0.488360969,0.642396907,0.566831683
721,5420,코스모화학,0.486503453,0.57539185,0.34537037,0.56641604
338,241560,두산밥캣,0.465880503,0.477443609,0.518108652,0.566346154
260,6570,대림통상,0.524908425,0.515943878,0.621141975,0.566322902
481,14915,성문전자우,0.654029304,0.577868852,0.622103387,0.566252588
461,10960,삼호개발,0.543373045,0.438122333,0.58762598,0.565533981
475,4410,서울식품,0.539737654,0.534640523,0.502307692,0.565533981
447,272550,삼양패키징,0.470495673,0.525821596,0.529468599,0.564768977
662,271940,일진하이솔루스,0.454166667,0.464285714,0.415584416,0.564444444
281,24890,대원화성,0.520021645,0.479601518,0.635227273,0.56443299
452,5680,삼영전자,0.590966387,0.590525633,0.541836735,0.563568376
396,3650,미창석유,0.552610442,0.460309618,0.512237762,0.561881188
485,11300,성안,0.483188045,0.534598214,0.535612536,0.561594203
886,307950,현대오토에버,0.530730897,0.514779874,0.51122449,0.561535494
900,93240,형지엘리트,0.499621212,0.541745731,0.533574879,0.560869565
611,47400,유니온머티리얼,0.587043189,0.622727273,0.56504065,0.560810811
34,365550,ESR켄달스퀘어리츠,0.538011696,0.535943775,0.510185185,0.560810811
699,2785,진흥기업우B,0.577586207,0.605131173,0.540998217,0.560810811
380,9580,무림P&P,0.570350877,0.507905138,0.4525,0.560769231
173,2710,TCC스틸,0.51273372,0.462531888,0.530479452,0.560122502
219,92440,기신정기,0.567322531,0.456168831,0.606435644,0.56004902
66,1065,JW중외제약우,0.418016975,0.504065041,0.679487179,0.558760684
205,2720,국제약품,0.575363825,0.419684775,0.543697479,0.556943057
33,17940,E1,0.507228916,0.480548469,0.558181818,0.556306306
702,33250,체시스,0.502530044,0.52908805,0.50952381,0.556306306
805,23350,한국종합기술,0.531325301,0.550526316,0.834862385,0.5557041
679,1550,조비,0.531932773,0.450346784,0.509469697,0.555672269
592,271560,오리온,0.483554712,0.433897243,0.459302326,0.555623974
293,3490,대한항공,0.61512605,0.625378788,0.556930693,0.554761905
883,4560,현대비앤지스틸,0.378895664,0.483650794,0.295454545,0.554761905
812,161390,한국타이어앤테크놀로지,0.614854803,0.524144869,0.598845599,0.553738318
884,4310,현대약품,0.500704722,0.572463768,0.497977755,0.553738318
30,4840,DRB동일,0.611379755,0.534169279,0.548977183,0.552272727
923,81660,휠라홀딩스,0.511129568,0.597460317,0.536666667,0.552139037
482,3080,성보화학,0.551151762,0.512491888,0.563186813,0.551801802
579,66970,엘앤에프,0.493968254,0.530858396,0.490924658,0.551563663
797,4090,한국석유,0.545163585,0.48952381,0.57213609,0.550769231
309,7590,동방아그로,0.473895582,0.471587302,0.439455782,0.550769231
918,298040,효성중공업,0.598671096,0.516581633,0.471728307,0.550671892
716,00781K,코리아써키트2우B,0.538935756,0.555644133,0.466089466,0.550618921
559,1780,알루코,0.505821918,0.559789541,0.443939394,0.550391937
766,16800,퍼시스,0.503745318,0.536046512,0.556270997,0.549917492
360,4000,롯데정밀화학,0.495847176,0.545125165,0.566245318,0.549579832
306,1230,동국홀딩스,0.578304332,0.54017094,0.558147755,0.549242424
132,34120,SBS,0.482553366,0.491390306,0.583333333,0.549191375
368,27740,마니커,0.539381378,0.440438871,0.521022727,0.548850575
304,145720,덴티움,0.555345912,0.519811321,0.552539683,0.548669695
231,25860,남해화학,0.51184739,0.537262873,0.547979798,0.547979798
442,6110,삼아알미늄,0.611269841,0.557460317,0.593555094,0.547979798
596,316140,우리금융지주,0.491113347,0.38862782,0.552197802,0.546813533
656,7570,일양약품,0.570987654,0.53082414,0.629545455,0.546586345
123,30190,NICE평가정보,0.510621558,0.516547696,0.551448551,0.545900178
440,810,삼성화재,0.543091885,0.537147335,0.57278481,0.545352744
871,3535,한화투자증권우,0.568689501,0.524715505,0.478846154,0.544474394
584,3520,영진약품,0.547991968,0.49591195,0.578282828,0.544337607
320,1527,동양2우B,0.567852437,0.575320513,0.727472527,0.543863636
811,24720,한국콜마홀딩스,0.561594203,0.559614168,0.54047619,0.543814433
280,3220,대원제약,0.466465863,0.541305916,0.462928922,0.543577982
47,9540,HD한국조선해양,0.573977824,0.552563271,0.543577982,0.543577982
315,640,동아쏘시오홀딩스,0.551075269,0.520930233,0.548969072,0.543577982
639,84680,이월드,0.48015873,0.515898767,0.529619805,0.543577982
10,120,CJ대한통운,0.484663866,0.479844173,0.567687075,0.543577982
282,2880,대유에이텍,0.458000694,0.532770606,0.495670996,0.543118467
101,37560,LG헬로비전,0.527417027,0.549509804,0.522222222,0.542443064
450,3720,삼영,0.585385878,0.525782361,0.531573499,0.541262136
503,336370,솔루스첨단소재,0.600746269,0.535396825,0.571052632,0.540998217
655,7110,일신석재,0.555644133,0.538935756,0.483863636,0.540913006
477,21050,서원,0.506008855,0.547275641,0.466131907,0.54047619
345,192650,드림텍,0.492248062,0.502271252,0.526619509,0.540016502
57,204320,HL만도,0.500790639,0.423584906,0.49754386,0.539529915
845,300720,한일시멘트,0.539295875,0.531568878,0.539473684,0.539473684
130,10950,S-Oil,0.541587302,0.577460317,0.664492754,0.539473684
329,30720,동원수산,0.545915033,0.535849057,0.595918367,0.539473684
628,8250,이건산업,0.555396825,0.625705329,0.547877847,0.539455782
133,5090,SGC에너지,0.549038462,0.602783049,0.50877193,0.538302277
228,4270,남성,0.48313253,0.545100584,0.510683761,0.538288288
373,138040,메리츠금융지주,0.599315068,0.569679849,0.593429487,0.534937888
543,308170,씨티알모빌리티,0.567279942,0.571568627,0.53318299,0.534722222
378,5360,모나미,0.567628205,0.597826087,0.493406593,0.534417808
164,64960,SNT모티브,0.508788449,0.516993464,0.493145743,0.533661741
758,36328K,티와이홀딩스우,0.580204216,0.57880617,0.544736842,0.533574879
272,14160,대영포장,0.486652237,0.598878205,0.517719072,0.530769231
178,500,가온전선,0.539156627,0.492532006,0.573593074,0.530373832
429,18260,삼성에스디에스,0.547619048,0.583012821,0.498181818,0.52879902
223,4540,깨끗한나라,0.509417808,0.533366868,0.514146773,0.52879902
201,339770,교촌에프앤비,0.601551227,0.564215686,0.570224719,0.528028351
91,3550,LG,0.550350877,0.483881367,0.570175439,0.527417262
331,14825,동원시스템즈우,0.539836348,0.581357049,0.548629531,0.527056277
756,19180,티에이치엔,0.588578845,0.55977131,0.560778914,0.525862069
747,4100,태양금속,0.505169173,0.565632832,0.515898767,0.525769231
652,13360,일성건설,0.501680672,0.433256173,0.513846154,0.525757576
20,5830,DB손해보험,0.545100584,0.545100584,0.542424242,0.52414966
72,9070,KCTC,0.557176392,0.617805187,0.558634538,0.522940075
859,880,한화,0.594863014,0.571003135,0.515012255,0.522477522
808,104700,한국철강,0.610759494,0.650063251,0.570068027,0.522307692
285,15230,대창단조,0.453578337,0.470996217,0.491262136,0.521756979
830,16450,한세예스24홀딩스,0.588531187,0.486928105,0.466990291,0.521428571
126,4255,NPC우,0.568144499,0.529007378,0.628787879,0.521390374
894,1500,현대차증권,0.621715928,0.476515152,0.483846154,0.520833333
603,95720,웅진씽크빅,0.458424908,0.516547696,0.599893162,0.520512821
441,815,삼성화재우,0.444139194,0.535460993,0.424938725,0.52038835
748,4105,태양금속우,0.560778914,0.517777778,0.561576355,0.52027027
727,120110,코오롱인더,0.544648614,0.499213836,0.518123306,0.51805659
159,285130,SK케미칼,0.510526316,0.424725983,0.600931677,0.517719072
574,3060,에이프로젠바이오로직스,0.578767123,0.541586074,0.520168067,0.517316017
160,28513K,SK케미칼우,0.595404595,0.532773386,0.638354701,0.516666667
486,180,성창기업지주,0.438869863,0.526515152,0.487318841,0.516563147
38,78930,GS,0.499110953,0.554347826,0.482773471,0.515769231
458,9770,삼정펄프,0.570682731,0.547619048,0.563419118,0.515497076
733,192400,쿠쿠홀딩스,0.507246377,0.49087863,0.70148248,0.515151515
586,6740,영풍제지,0.534377998,0.569160998,0.61474359,0.514705882
924,5870,휴니드,0.473404255,0.466031746,0.57017982,0.513157895
377,12690,모나리자,0.457189542,0.47539185,0.546818182,0.512265512
1,6840,AK홀딩스,0.51056116,0.470180529,0.604230769,0.512242268
846,2220,한일철강,0.480885312,0.432163188,0.508851298,0.512121212
414,90460,비에이치,0.54519774,0.583705357,0.501303053,0.511960133
259,5750,대림B&Co,0.535737813,0.533681214,0.692204301,0.511586453
424,6660,삼성공조,0.564814815,0.512581699,0.445128779,0.511455526
768,90080,평화산업,0.513869863,0.50754717,0.555263158,0.511455526
734,284740,쿠쿠홈시스,0.499035494,0.529605263,0.633250825,0.510249554
459,5500,삼진제약,0.52199793,0.484549516,0.586633663,0.510249554
528,9270,신원,0.470720721,0.496173469,0.528558052,0.510233918
683,185750,종근당,0.509469697,0.617805187,0.47359736,0.510185185
718,192820,코스맥스,0.470526316,0.531690141,0.523684211,0.509834369
253,8060,대덕,0.494458128,0.51344086,0.532860825,0.508250825
696,11000,진원생명과학,0.511261261,0.488998724,0.43647343,0.508012821
445,3230,삼양식품,0.431998557,0.490752551,0.496969697,0.505594136
881,10620,현대미포조선,0.467303823,0.479807692,0.492328875,0.505594136
413,100220,비상교육,0.525613276,0.526515152,0.60531401,0.505347594
436,10140,삼성중공업,0.543814433,0.519520548,0.473214286,0.502021563
222,13700,까뮤이앤씨,0.502314815,0.483219178,0.460679612,0.501785714
473,200880,서연이화,0.49127141,0.488933602,0.539156627,0.501068376
517,11930,신성이엔지,0.543594903,0.526119403,0.481636598,0.500919118
851,130660,한전산업,0.482553366,0.542344173,0.551029963,0.498442368
135,4060,SG세계물산,0.471891288,0.47952381,0.498181818,0.498181818
277,430,대원강업,0.49691358,0.419178082,0.407051282,0.497706422
401,2410,범양건영,0.504817276,0.495586381,0.536827957,0.497307692
137,2360,SH에너지화학,0.45923306,0.493189369,0.506763285,0.496778351
720,5070,코스모신소재,0.448734588,0.530931122,0.494680851,0.496575342
203,5320,국동,0.576325758,0.588652482,0.663337629,0.496296296
893,5385,현대차우,0.512121212,0.512581699,0.486788618,0.496296296
510,53210,스카이라이프,0.46791559,0.48313367,0.40576324,0.493939394
42,78935,GS우,0.436764706,0.507852564,0.553801546,0.493589744
220,270,기아,0.481060606,0.48549323,0.522463768,0.492587601
670,25620,제이준코스메틱,0.588627451,0.506929638,0.581683168,0.492138365
150,326030,SK바이오팜,0.469986586,0.618025078,0.452932099,0.492063492
328,6040,동원산업,0.49975574,0.468338155,0.531521739,0.491909385
504,33637K,솔루스첨단소재1우,0.541208791,0.549029799,0.538337629,0.491702742
832,9180,한솔로지스틱스,0.484469697,0.431904762,0.567687075,0.491666667
854,180640,한진칼,0.453973249,0.462531888,0.517322097,0.491623711
673,1560,제일연마,0.544520548,0.428593947,0.512378426,0.491459627
363,00499K,롯데지주우,0.504016064,0.440068493,0.532307692,0.491301546
383,8420,문배철강,0.53120915,0.501415094,0.473776224,0.489613527
608,14830,유니드,0.470919325,0.487179487,0.431174089,0.489583333
381,9200,무림페이퍼,0.507621951,0.542410714,0.602397602,0.48951049
289,84010,대한제강,0.577142857,0.480225989,0.652923977,0.488782051
109,108320,LX세미콘,0.567628205,0.564199873,0.519282361,0.488482385
521,34300,신세계건설,0.478181818,0.525613276,0.449659864,0.488448845
255,353200,대덕전자,0.523443223,0.523877293,0.46612542,0.487037037
343,33626L,두산퓨얼셀2우B,0.504504505,0.511009485,0.466033966,0.485507246
187,214390,경보제약,0.586174242,0.591927454,0.315315315,0.484848485
650,249420,일동제약,0.496218487,0.558035714,0.687331536,0.484848485
905,2460,화성산업,0.480620155,0.528685897,0.564102564,0.484423676
633,7660,이수페타시스,0.444390716,0.434837093,0.511128364,0.484423676
840,1750,한양증권,0.495160089,0.61875,0.450577201,0.484402852
457,520,삼일제약,0.475178456,0.470532915,0.535714286,0.483614232
732,31820,콤텍시스템,0.575098814,0.579007138,0.457900208,0.482993197
544,8700,아남전자,0.501646904,0.599373041,0.611891386,0.482738095
493,3030,세아제강지주,0.519785379,0.453968254,0.465860597,0.481802912
142,11790,SKC,0.435273973,0.477286967,0.401258851,0.481553398
167,5610,SPC삼립,0.528558052,0.491457124,0.606469003,0.48030303
704,323410,카카오뱅크,0.547175141,0.522033898,0.303571429,0.479919679
775,103140,풍산,0.514779874,0.543471438,0.587622549,0.478307255
610,910,유니온,0.581076725,0.575396825,0.566425121,0.47797619
99,66570,LG전자,0.397782398,0.527306968,0.544392523,0.47797619
302,4835,덕성우,0.57920982,0.505728314,0.403061224,0.477947795
278,6340,대원전선,0.523674242,0.465860597,0.544090909,0.473776224
529,2700,신일전자,0.486024845,0.457368421,0.505769231,0.473148148
773,3670,포스코퓨처엠,0.513496547,0.486833856,0.608739837,0.472222222
472,7860,서연,0.507905138,0.40369898,0.489096573,0.47122807
251,19685,대교우B,0.583091787,0.565106216,0.626785714,0.471212121
645,6490,인스코비,0.499707602,0.542879622,0.444743935,0.470404984
105,6260,LS,0.46495782,0.396955128,0.505555556,0.470032841
822,42700,한미반도체,0.530612245,0.541666667,0.464097497,0.468041237
682,2600,조흥,0.439156627,0.431543385,0.517322097,0.467687075
356,400,롯데손해보험,0.509182259,0.398323846,0.59568299,0.466666667
36,7700,F&F홀딩스,0.569435432,0.564971751,0.569522472,0.465740741
555,20560,아시아나항공,0.553219697,0.556233062,0.502753737,0.464449541
736,26490K,크라운제과우,0.508838384,0.551218709,0.500884173,0.46344086
685,1630,종근당홀딩스,0.517651888,0.492790074,0.481240981,0.463095238
308,4140,동방,0.469577554,0.484119497,0.422077922,0.461403509
693,100250,진양홀딩스,0.542443064,0.530350877,0.462121212,0.46105919
599,105840,우진,0.490719697,0.47539185,0.54468599,0.46105919
794,10040,한국내화,0.659044715,0.591267123,0.63974359,0.46105919
866,12450,한화에어로스페이스,0.515714286,0.569052103,0.544520548,0.460695876
346,24090,디씨엠,0.455421687,0.458596491,0.502431477,0.460215054
453,23000,삼원강재,0.532020548,0.467241379,0.490165224,0.459104938
279,6345,대원전선우,0.419210722,0.479208585,0.502757353,0.458745875
238,90355,노루페인트우,0.726363636,0.470182046,0.591121495,0.458333333
583,9970,영원무역홀딩스,0.50754717,0.535153798,0.560344828,0.456918239
391,6805,미래에셋증권우,0.512785208,0.497747748,0.588095238,0.455275229
182,2100,경농,0.518492176,0.607523511,0.452696729,0.452173913
339,34020,두산에너빌리티,0.556666667,0.54091214,0.468398876,0.450320513
658,8500,일정실업,0.587878788,0.598310292,0.650776053,0.448320413
117,181710,NHN,0.478070175,0.466509434,0.545652174,0.447649573
848,3300,한일홀딩스,0.610386473,0.520021645,0.505825243,0.444743935
125,4250,NPC,0.517871486,0.564102564,0.540033595,0.441262136
141,34730,SK,0.542879622,0.49963925,0.51317402,0.440836941
410,11390,부산산업,0.44470128,0.491457124,0.477891156,0.439455782
9,00104K,CJ4우(전환),0.613825364,0.483290071,0.464419476,0.437968165
342,33626K,두산퓨얼셀1우,0.513068182,0.561815068,0.540913006,0.435384615
217,1210,금호전기,0.476600985,0.464438122,0.492982456,0.435384615
438,68290,삼성출판사,0.536263736,0.457680251,0.55,0.435309973
179,860,강남제비스코,0.525513699,0.517788462,0.648921833,0.433800623
518,5390,신성통상,0.480392157,0.557965861,0.433333333,0.433333333
545,2790,아모레G,0.558677098,0.564081765,0.520214521,0.43233945
724,3070,코오롱글로벌,0.473695844,0.493470149,0.561881188,0.430825243
358,20150,롯데에너지머티리얼즈,0.446574832,0.546113307,0.516136163,0.430481283
868,42660,한화오션,0.509881423,0.505821918,0.477777778,0.423852184
89,58860,KTis,0.583719136,0.523756378,0.471084337,0.423846154
598,17370,우신시스템,0.635691824,0.545768025,0.526086957,0.421971706
170,71970,STX중공업,0.503986711,0.490114796,0.448781291,0.416994493
537,102280,쌍방울,0.575174825,0.61147086,0.402298851,0.411458333
705,377300,카카오페이,0.530882353,0.483187135,0.472413793,0.410466583
815,168490,한국패러랠,0.469727891,0.441058941,0.65990991,0.407079646
561,161000,애경케미칼,0.450877193,0.441485969,0.472307692,0.404816514
188,12610,경인양행,0.446373457,0.473650794,0.40007215,0.400925926
286,1070,대한방직,0.589426877,0.581300813,0.523989899,0.397058824
580,97520,엠씨넥스,0.605079365,0.565162907,0.543697479,0.396417445
907,241590,화승엔터프라이즈,0.500332226,0.569679849,0.395698925,0.391744548
408,1275,부국증권우,0.60692402,0.666473765,0.383928571,0.384955752
738,5745,크라운해태홀딩스우,0.461363636,0.469639469,0.540096618,0.382478632
799,2960,한국쉘석유,0.47755102,0.487734488,0.461838006,0.380530973
551,183190,아세아시멘트,0.381684492,0.444334651,0.524231678,0.379807692
644,101140,인바이오젠,0.613095238,0.626470588,0.577167019,0.37962963
106,10120,LS ELECTRIC,0.483333333,0.556898775,0.519914651,0.377293578
467,1290,상상인증권,0.484848485,0.523333333,0.478363493,0.376785714
784,19490,하이트론,0.575757576,0.575757576,0.525,0.375
114,38380K,LX홀딩스1우,0.542041078,0.444801027,0.5636289,0.375
369,357430,마스턴프리미어리츠,0.574596774,0.49537037,0.368421053,0.371794872
245,72710,농심홀딩스,0.566806723,0.550320057,0.369369369,0.371681416
612,11330,유니켐,0.462944333,0.528876334,0.555748457,0.368518519
536,4080,신흥,0.551470588,0.490591398,0.870535714,0.367256637
56,3580,HLB글로벌,0.54978355,0.463922764,0.364864865,0.367256637
654,3200,일신방직,0.517770035,0.537157757,0.479349186,0.364864865
79,33180,KH 필룩스,0.521428571,0.627688172,0.485465116,0.363636364
82,25000,KPX케미칼,0.495578231,0.490107311,0.582210243,0.362831858
426,02826K,삼성물산우B,0.563068182,0.523015873,0.866071429,0.362831858
65,1067,JW중외제약2우B,0.522727273,0.541666667,0.467546755,0.359090909
657,7575,일양약품우,0.510215054,0.416996047,0.494206774,0.35840708
6,1465,BYC우,0.513285024,0.557865558,0.612385321,0.35840708
786,87,하이트진로2우B,0.54456328,0.501680672,0.43847352,0.35840708
516,4970,신라교역,0.560041408,0.557865558,0.574669967,0.35840708
394,107590,미원홀딩스,0.477380952,0.483819346,0.86036036,0.353982301
630,214320,이노션,0.551464255,0.523966165,0.544642857,0.353982301
269,3547,대신증권2우B,0.648794143,0.56461794,0.609813084,0.353982301
365,5305,롯데칠성우,0.48537415,0.517894737,0.609813084,0.353982301
917,94280,효성ITX,0.543277311,0.516117216,0.569719472,0.353982301
243,5257,녹십자홀딩스2우,0.496118012,0.460457516,0.35,0.353982301
374,90370,메타랩스,0.39661274,0.417456897,0.572128852,0.353211009
307,23450,동남합성,0.496630728,0.517894737,0.35,0.352678571
778,9810,플레이그램,0.582662643,0.472570533,0.687878788,0.349557522
362,4990,롯데지주,0.460616438,0.570952381,0.605140187,0.349557522
745,3240,태광산업,0.49414794,0.474424119,0.517628205,0.349557522
852,2320,한진,0.426776961,0.501162791,0.741666667,0.349557522
615,700,유수홀딩스,0.544191919,0.536477987,0.590591398,0.349557522
495,58650,세아홀딩스,0.521317829,0.434640523,0.539880952,0.349557522
200,30610,교보증권,0.454465075,0.474424119,0.471534653,0.349557522
312,26960,동서,0.545650301,0.526960784,0.613636364,0.349557522
121,338100,NH프라임리츠,0.518151815,0.477240398,0.349557522,0.349557522
678,4700,조광피혁,0.56746988,0.569993412,0.415768194,0.349557522
199,37710,광주신세계,0.480808081,0.491411886,0.427672956,0.348214286
41,7070,GS리테일,0.474125093,0.572012579,0.499514563,0.348214286
820,2390,한독,0.599953184,0.512703252,0.532106782,0.348214286
16,480,CR홀딩스,0.43953252,0.48870674,0.347619048,0.347619048
297,16090,대현,0.501929012,0.523992674,0.505244755,0.345132743
314,102260,동성케미컬,0.456188725,0.531077891,0.486291486,0.345132743
552,2310,아세아제지,0.61637931,0.511815068,0.342342342,0.345132743
252,6370,대구백화점,0.59318555,0.526273372,0.336448598,0.345132743
861,88350,한화생명,0.464912281,0.504865035,0.501610825,0.345132743
5,1460,BYC,0.685960591,0.651493599,0.487196765,0.345132743
546,00279K,아모레G3우(전환),0.447953216,0.494019934,0.342342342,0.345132743
489,4365,세방우,0.499832327,0.482679739,0.345132743,0.345132743
19,16610,DB금융투자,0.541432584,0.580871212,0.602380952,0.345132743
927,540,흥국화재,0.494019934,0.575110689,0.487196765,0.345132743
753,55490,테이팩스,0.523913043,0.475249169,0.54373706,0.345132743
550,2030,아세아,0.61351442,0.566070308,0.533466533,0.345132743
28,37550K,DL이앤씨우,0.629230769,0.615040953,0.705782313,0.342342342
680,120030,조선선재,0.535274356,0.564035088,0.573183761,0.342342342
18,12030,DB,0.568578135,0.591553836,0.501890756,0.340707965
367,71840,롯데하이마트,0.545652174,0.531204906,0.597619048,0.340707965
176,24070,WISCOM,0.596022727,0.525031888,0.726381462,0.340707965
449,75,삼양홀딩스우,0.434951456,0.373895582,0.594036697,0.340707965
158,1515,SK증권우,0.409649123,0.53754386,0.437962963,0.340707965
719,44820,코스맥스비티아이,0.534022394,0.448742138,0.340707965,0.340707965
184,267290,경동도시가스,0.541812865,0.568578135,0.491062802,0.340707965
712,417310,코람코더원리츠,0.412878788,0.527972028,0.461956522,0.34
856,5110,한창,0.455955335,0.4905828,0.579727564,0.339449541
372,94800,맵스리얼티1,0.498320269,0.53754386,0.84375,0.339285714
636,93230,이아이디,0.644715447,0.547254151,0.507092199,0.339285714
569,298690,에어부산,0.49047619,0.524159664,0.52020202,0.336363636
497,91090,세원이앤씨,0.590848806,0.591511936,0.527925532,0.336363636
138,9160,SIMPAC,0.429976397,0.493333333,0.525568182,0.336283186
25,215,DL우,0.382478632,0.473814229,0.839285714,0.336283186
726,2025,코오롱우,0.61746988,0.587567751,0.336283186,0.336283186
478,8490,서흥,0.503745318,0.401369863,0.503205128,0.336283186
393,268280,미원에스씨,0.469545455,0.409959759,0.503030303,0.336283186
387,357250,미래에셋맵스리츠,0.649275362,0.594863014,0.674242424,0.336283186
787,140,하이트진로홀딩스,0.520053476,0.525568182,0.503115265,0.336283186
295,5880,대한해운,0.537135279,0.517275748,0.549917492,0.336283186
294,3495,대한항공우,0.522477522,0.568428184,0.477762803,0.336283186
526,1720,신영증권,0.474378882,0.503875969,0.503030303,0.336283186
838,4960,한신공영,0.520909091,0.541830065,0.589449541,0.336283186
202,7690,국도화학,0.496656176,0.433902593,0.600515464,0.336283186
788,145,하이트진로홀딩스우,0.413919414,0.588549075,0.526041667,0.334821429
700,9310,참엔지니어링,0.590350877,0.556164384,0.591121495,0.334821429
354,89860,롯데렌탈,0.621848739,0.458806818,0.641463415,0.333333333
570,140910,에이리츠,0.519167579,0.493044515,0.586633663,0.333333333
511,204210,스타리츠,0.592399691,0.533048703,0.656835206,0.331858407
513,134790,시디즈,0.631299735,0.51013289,0.584862385,0.331858407
589,15360,예스코홀딩스,0.579044118,0.538377193,0.834821429,0.331858407
15,97955,CJ제일제당 우,0.591571835,0.541007905,0.584862385,0.331858407
8,79160,CJ CGV,0.546398443,0.603226817,0.674963925,0.331858407
572,15260,에이엔피,0.506410256,0.491109531,0.331858407,0.331858407
590,7310,오뚜기,0.511201991,0.485396825,0.62983871,0.331858407
547,2795,아모레G우,0.533653846,0.533653846,0.556677019,0.331858407
523,31440,신세계푸드,0.54672696,0.504065041,0.589805825,0.331858407
643,14990,인디에프,0.595634096,0.522397892,0.428703704,0.331858407
882,69960,현대백화점,0.545204795,0.583062946,0.511904762,0.331858407
74,119650,KC코트렐,0.498062016,0.541007905,0.498484848,0.331858407
341,336260,두산퓨얼셀,0.573440644,0.497175141,0.616425121,0.331858407
903,8770,호텔신라,0.477453102,0.497652582,0.392777156,0.331858407
668,348950,제이알글로벌리츠,0.471139971,0.559617918,0.637962963,0.331858407
115,23150,MH에탄올,0.510616438,0.479326923,0.837837838,0.331858407
740,20120,키다리스튜디오,0.540719697,0.479084967,0.644660194,0.331858407
793,71055,한국금융지주우,0.447580645,0.444912281,0.330357143,0.331858407
715,7810,코리아써키트,0.444912281,0.44952381,0.561835749,0.331858407
874,143210,핸즈코퍼레이션,0.561835749,0.547674419,0.588095238,0.331858407
684,63160,종근당바이오,0.491967871,0.53014553,0.493939394,0.327433628
463,9470,삼화전기,0.520833333,0.568826564,0.539215686,0.327433628
318,282690,동아타이어,0.592569787,0.585345406,0.584951456,0.327433628
73,9440,KC그린홀딩스,0.551140834,0.490990991,0.568689501,0.327433628
244,4370,농심,0.584992888,0.525961538,0.579201681,0.327433628
44,39570,HDC랩스,0.51754386,0.496541502,0.442204301,0.327433628
870,3530,한화투자증권,0.564900427,0.496541502,0.433226496,0.327433628
663,15860,일진홀딩스,0.522988506,0.547654505,0.480992268,0.327433628
83,92230,KPX홀딩스,0.560606061,0.546182266,0.669781931,0.327433628
190,13580,계룡건설,0.528985507,0.477931489,0.392183288,0.327433628
157,1510,SK증권,0.609230769,0.63179449,0.830357143,0.327433628
648,129260,인터지스,0.583647799,0.603015873,0.608024691,0.327433628
760,4870,티웨이홀딩스,0.533761528,0.494811321,0.46997549,0.327433628
210,8870,금비,0.532106782,0.532106782,0.553952991,0.327433628
914,16580,환인제약,0.624765918,0.46351452,0.77310231,0.327433628
21,990,DB하이텍,0.465448505,0.470394737,0.520833333,0.327433628
261,1680,대상,0.551242236,0.542465753,0.40576324,0.327433628
55,14790,HL D&I,0.509545455,0.422101449,0.327433628,0.327433628
395,134380,미원화학,0.53971029,0.552371542,0.316037736,0.327433628
554,267850,아시아나IDT,0.579201681,0.56639839,0.592105263,0.327433628
764,28670,팬오션,0.442204301,0.546767106,0.319444444,0.327433628
642,760,이화산업,0.535399729,0.562179487,0.327433628,0.327433628
118,400760,NH올원리츠,0.550148957,0.40461402,0.506157635,0.326388889
814,7280,한국특강,0.517396907,0.469277108,0.665151515,0.325892857
624,105,유한양행우,0.552083333,0.520980474,0.492138365,0.325892857
84,40,KR모터스,0.607097187,0.560326087,0.491909385,0.325688073
148,395400,SK리츠,0.631302521,0.512195122,0.462857143,0.323170732
801,123890,한국자산신탁,0.564965986,0.490176152,0.660606061,0.32300885
392,2840,미원상사,0.523429952,0.457859175,0.603583427,0.32300885
120,5945,NH투자증권우,0.42027417,0.510877193,0.525242718,0.32300885
689,71320,지역난방공사,0.471064815,0.488394584,0.828828829,0.32300885
595,70960,용평리조트,0.570350877,0.458305648,0.525242718,0.32300885
731,36420,콘텐트리중앙,0.457185406,0.513140818,0.46884058,0.32300885
556,122900,아이마켓코리아,0.381086142,0.457859175,0.475837629,0.32300885
855,18064K,한진칼우,0.586760462,0.542966043,0.62830033,0.32300885
469,75180,새론오토모티브,0.608096469,0.559356137,0.691153846,0.32300885
455,2450,삼익악기,0.574725275,0.585873984,0.520760234,0.32300885
844,14130,한익스프레스,0.528455285,0.495847176,0.580909091,0.32300885
751,1420,태원물산,0.478220402,0.464379085,0.428418803,0.32300885
357,23530,롯데쇼핑,0.505994006,0.536378205,0.488448845,0.32300885
711,145270,케이탑리츠,0.595421245,0.593664384,0.32300885,0.32300885
181,11420,갤럭시아에스엠,0.507905138,0.529815051,0.621456186,0.32300885
904,8775,호텔신라우,0.528219697,0.535616438,0.580097087,0.32300885
911,133820,화인베스틸,0.566734417,0.474936948,0.489096573,0.32300885
85,44450,KSS해운,0.536458333,0.476476314,0.511309524,0.32300885
665,317400,자이에스앤디,0.549805321,0.54303675,0.641836735,0.32300885
432,9155,삼성전기우,0.616197183,0.570524984,0.401090343,0.32300885
623,100,유한양행,0.502515091,0.552159468,0.445408735,0.32300885
271,9190,대양금속,0.518099548,0.493259184,0.583333333,0.321428571
60,35000,HS애드,0.534215784,0.470685112,0.524074074,0.321428571
749,9410,태영건설,0.508714597,0.536036036,0.576923077,0.321428571
352,115390,락앤락,0.548786653,0.562062937,0.522115385,0.321100917
573,7460,에이프로젠,0.568754633,0.571209016,0.442690058,0.321100917
249,145210,다이나믹디자인,0.583333333,0.598011364,0.828571429,0.319444444
594,11690,와이투솔루션,0.584490741,0.507142857,0.57183908,0.318681319
708,29460,케이씨,0.477477477,0.563787375,0.517874396,0.318584071
850,52690,한전기술,0.598069106,0.590207914,0.614058355,0.318584071
785,80,하이트진로,0.464696223,0.469013628,0.599230769,0.318584071
617,3475,유안타증권우,0.506227106,0.518495298,0.687331536,0.318584071
921,298000,효성화학,0.583398899,0.505678131,0.572429907,0.318584071
681,18470,조일알미늄,0.469933555,0.489485248,0.318584071,0.318584071
862,370,한화손해보험,0.573881173,0.451162791,0.665064103,0.318584071
676,89590,제주항공,0.608317215,0.56042059,0.580266955,0.318584071
857,9460,한창제지,0.563787375,0.507475083,0.529285099,0.318584071
465,1820,삼화콘덴서,0.483231707,0.462604771,0.52038835,0.318584071
505,33637L,솔루스첨단소재2우B,0.51155761,0.510576923,0.65981241,0.318584071
405,890,보해양조,0.650947459,0.665995976,0.575227273,0.318584071
532,19175,신풍제약우,0.523863636,0.57706627,0.318584071,0.318584071
75,92220,KEC,0.511083744,0.450681376,0.49057971,0.318584071
534,293940,신한알파리츠,0.461827957,0.54459203,0.553617571,0.318584071
54,97230,HJ중공업,0.556031273,0.579007138,0.318584071,0.318584071
434,5935,삼성전자우,0.517874396,0.540650407,0.728703704,0.318584071
24,210,DL,0.494492526,0.432349124,0.611185984,0.318584071
501,75580,세진중공업,0.568315018,0.558035714,0.559863946,0.318584071
254,00806K,대덕1우,0.585164835,0.594068878,0.521428571,0.318584071
420,6090,사조오양,0.598264278,0.441259398,0.550802139,0.318584071
336,150,두산,0.457900208,0.464561404,0.616301546,0.318584071
14,97950,CJ제일제당,0.451369863,0.461587302,0.39973262,0.318584071
515,29530,신도리코,0.587078652,0.536209286,0.573809524,0.318584071
7,1040,CJ,0.536209286,0.533333333,0.500568182,0.318584071
507,4430,송원산업,0.469013628,0.551269841,0.5004995,0.318584071
578,900140,엘브이엠씨홀딩스,0.586174242,0.553675048,0.484423676,0.318584071
180,35250,강원랜드,0.581578947,0.628977273,0.604700855,0.318584071
185,12320,경동인베스트,0.533366868,0.528685897,0.316964286,0.318584071
575,244920,에이플러스에셋,0.421136364,0.438322938,0.48349835,0.318584071
229,3920,남양유업,0.457972583,0.549213836,0.481884058,0.318584071
400,35150,백산,0.487889984,0.520176545,0.575242718,0.318584071
232,5720,넥센,0.572463768,0.506227106,0.496753247,0.318584071
27,37550L,DL이앤씨2우(전환),0.550793651,0.550793651,0.623552124,0.318181818
725,3075,코오롱글로벌우,0.581460674,0.420238095,0.317757009,0.317757009
836,4150,한솔홀딩스,0.643055556,0.59925851,0.533106961,0.316964286
264,84695,대상홀딩스우,0.500406504,0.479278075,0.542610572,0.316964286
533,404990,신한서부티엔디리츠,0.620465116,0.551785714,0.463942308,0.316176471
566,10580,에스엠벡셀,0.565806452,0.513736264,0.479166667,0.314814815
216,214330,금호에이치티,0.561904762,0.507377599,0.53032345,0.314159292
483,4980,성신양회,0.4925,0.502568493,0.296116505,0.314159292
311,5965,동부건설우,0.505131363,0.568239796,0.539529915,0.314159292
213,2995,금호건설우,0.4925,0.488430584,0.479166667,0.314159292
301,4830,덕성,0.57213609,0.549242424,0.57038835,0.314159292
451,2810,삼영무역,0.434770437,0.444527178,0.682614555,0.314159292
321,84670,동양고속,0.583165661,0.583228247,0.391744548,0.314159292
800,240,한국앤컴퍼니,0.558647799,0.56572327,0.532848151,0.314159292
422,6400,삼성SDI,0.500790639,0.496173469,0.507632167,0.314159292
406,3000,부광약품,0.533377542,0.505065359,0.61839934,0.314159292
340,155,두산우,0.570737156,0.511979823,0.816964286,0.314159292
713,357120,코람코라이프인프라리츠,0.495004995,0.50987526,0.81981982,0.314159292
198,17900,광전자,0.466168371,0.54527163,0.569047619,0.314159292
81,1940,KISCO홀딩스,0.496173469,0.552814674,0.574712644,0.314159292
171,2820,SUN&L,0.593426501,0.515719697,0.680097087,0.314159292
39,6360,GS건설,0.481937603,0.486601307,0.43452381,0.314159292
542,112610,씨에스윈드,0.44920412,0.532206633,0.314159292,0.314159292
781,39130,하나투어,0.41033966,0.527885235,0.539529915,0.314159292
250,19680,대교,0.457729469,0.50967118,0.636309524,0.314159292
754,78000,텔코웨어,0.528325123,0.533705962,0.314159292,0.314159292
769,10770,평화홀딩스,0.582527402,0.575892857,0.631632653,0.314159292
268,3540,대신증권,0.523471146,0.591124661,0.463846154,0.314159292
597,6980,우성,0.574712644,0.550223214,0.565315315,0.314159292
17,590,CS홀딩스,0.597906404,0.487578616,0.594230769,0.314159292
267,16710,대성홀딩스,0.464793741,0.511979823,0.621059691,0.314159292
558,139990,아주스틸,0.510620915,0.436070381,0.557276995,0.313953488
191,12200,계양전기,0.505860806,0.61627907,0.462065332,0.313953488
522,31430,신세계인터내셔날,0.516091954,0.479749277,0.513084112,0.3125
688,13870,지엠비코리아,0.443218689,0.500790639,0.439455782,0.3125
456,4440,삼일씨엔에스,0.587615283,0.61685761,0.563636364,0.3125
454,4380,삼익THK,0.527586207,0.474451411,0.457894737,0.3125
186,50,경방,0.441136364,0.502568493,0.550769231,0.3125
706,6380,카프로,0.446849447,0.425115207,0.477192982,0.3125
817,123690,한국화장품,0.436814958,0.491457124,0.515533981,0.3125
300,12510,더존비즈온,0.480516975,0.501255493,0.525165017,0.310810811
147,210980,SK디앤디,0.549111808,0.447567783,0.566831683,0.310185185
266,117580,대성에너지,0.528462998,0.51645768,0.579411765,0.309734513
919,298050,효성첨단소재,0.488068182,0.495192308,0.506763285,0.309734513
102,51910,LG화학,0.490562249,0.458974359,0.524356103,0.309734513
87,33780,KT&G,0.615656963,0.561535494,0.656862745,0.309734513
43,12630,HDC,0.452014652,0.538523533,0.646969697,0.309734513
402,7210,벽산,0.424809425,0.46815889,0.560810811,0.309734513
853,3480,한진중공업홀딩스,0.560427296,0.592465753,0.522940075,0.309734513
13,1045,CJ우,0.539737654,0.567279942,0.440285205,0.309734513
403,2760,보락,0.627541998,0.59886202,0.525606469,0.309734513
722,71950,코아스,0.534057971,0.493189369,0.815315315,0.309734513
3,282330,BGF리테일,0.538523533,0.593984962,0.561352657,0.309734513
928,545,흥국화재우,0.548977183,0.527417262,0.614814815,0.309734513
389,6800,미래에셋증권,0.478307255,0.418321918,0.527417027,0.309734513
698,2787,진흥기업2우B,0.481451613,0.507621951,0.766071429,0.309734513
376,9900,명신산업,0.493189369,0.571269841,0.461086226,0.309734513
752,7980,태평양물산,0.411725955,0.493189369,0.481451613,0.309734513
666,33240,자화전자,0.568272425,0.518965517,0.545954046,0.309734513
915,32560,황금에스티,0.526515152,0.584180217,0.563863636,0.309734513
464,11230,삼화전자,0.490562249,0.523386034,0.308035714,0.309734513
632,139480,이마트,0.561352657,0.637410772,0.564285714,0.309734513
790,36460,한국가스공사,0.499178982,0.504776021,0.545769231,0.309734513
296,3830,대한화섬,0.571203777,0.553333333,0.655448718,0.309734513
641,334890,이지스밸류리츠,0.486652237,0.38992674,0.815315315,0.309734513
303,24900,덕양산업,0.466666667,0.49952381,0.815315315,0.309734513
796,10100,한국무브넥스,0.503783102,0.543471438,0.518492176,0.309734513
226,8350,남선알미늄,0.565319549,0.549501661,0.457020548,0.309734513
37,114090,GKL,0.493189369,0.520309478,0.488068182,0.309734513
649,23810,인팩,0.420327304,0.403383934,0.739096573,0.309734513
879,79430,현대리바트,0.558634538,0.534798535,0.304545455,0.309734513
675,6220,제주은행,0.490562249,0.519282361,0.642396907,0.309734513
873,101530,해태제과식품,0.471052632,0.531410256,0.483762255,0.309734513
539,4770,써니전자,0.626960784,0.560427296,0.569587629,0.309734513
443,145990,삼양사,0.452546296,0.530526316,0.534722222,0.309734513
909,13520,화승코퍼레이션,0.493189369,0.503783102,0.511827957,0.309734513
212,2990,금호건설,0.591954023,0.527417262,0.632692308,0.309734513
76,3620,KG모빌리티,0.569444444,0.54040404,0.565789474,0.30952381
168,11810,STX,0.53030303,0.455357143,0.496010638,0.309090909
78,1390,KG케미칼,0.495855856,0.54314888,0.304545455,0.308035714
385,7120,미래아이앤지,0.502678571,0.56332737,0.305555556,0.305555556
319,1520,동양,0.519817073,0.564215686,0.631871345,0.305309735
791,5430,한국공항,0.546917808,0.50952381,0.560679612,0.305309735
325,92780,동양피스톤,0.462398374,0.42575188,0.455219072,0.305309735
743,15890,태경산업,0.452903946,0.511320755,0.808035714,0.305309735
224,4545,깨끗한나라우,0.521883289,0.527568493,0.506122449,0.305309735
334,2690,동일제강,0.498565051,0.482736974,0.621008403,0.305309735
273,47040,대우건설,0.417613636,0.424119241,0.540769231,0.305309735
292,1130,대한제분,0.44683908,0.478919631,0.469551282,0.305309735
299,192080,더블유게임즈,0.516420361,0.480548469,0.536096257,0.305309735
703,35720,카카오,0.52605042,0.508219178,0.400925926,0.305309735
771,58430,포스코스틸리온,0.560786436,0.455714286,0.597268908,0.305309735
337,157,두산2우B,0.481818182,0.549655388,0.808035714,0.305309735
774,17810,풀무원,0.553312629,0.53895664,0.56443299,0.305309735
257,490,대동,0.546917808,0.534598214,0.808035714,0.305309735
59,11200,HMM,0.445604396,0.411472603,0.499707602,0.305309735
80,15590,KIB플러그에너지,0.470032841,0.561129568,0.655115512,0.305309735
880,12330,현대모비스,0.529919679,0.543684211,0.528502415,0.305309735
576,36570,엔씨소프트,0.592283073,0.52507837,0.59703504,0.305309735
692,10640,진양폴리,0.468171296,0.494519665,0.565789474,0.305309735
925,79980,휴비스,0.598958333,0.636212625,0.808035714,0.305309735
390,00680K,미래에셋증권2우B,0.377846791,0.498565051,0.444743935,0.305309735
899,57050,현대홈쇼핑,0.560508183,0.451282051,0.558411215,0.305309735
872,195870,해성디에스,0.556619079,0.545396825,0.546022727,0.305309735
122,34310,NICE,0.664351852,0.559935897,0.450970874,0.305309735
404,3850,보령,0.555093555,0.48153794,0.610227273,0.305309735
869,885,한화우,0.493226601,0.424908425,0.563131313,0.305309735
920,298020,효성티앤씨,0.550134138,0.483290071,0.610185185,0.305309735
549,90435,아모레퍼시픽우,0.46557971,0.506446541,0.476075269,0.305309735
640,350520,이지스레지던스리츠,0.558411215,0.511913229,0.642424242,0.305309735
867,82740,한화엔진,0.520653029,0.519954575,0.519036954,0.305309735
204,1140,국보,0.536764706,0.55,0.300970874,0.304761905
863,9830,한화솔루션,0.559490741,0.575196009,0.3,0.303738318
889,5440,현대지에프홀딩스,0.553333333,0.496460507,0.499042146,0.302884615
627,8730,율촌화학,0.506132756,0.403383934,0.500258799,0.302752294
227,8355,남선알미우,0.48727422,0.439162881,0.468357488,0.300884956
538,3410,쌍용C&E,0.603359173,0.53082414,0.68233945,0.300884956
779,86790,하나금융지주,0.629069767,0.523026316,0.60636646,0.300884956
235,2355,넥센타이어1우B,0.554292929,0.612254902,0.617509363,0.300884956
631,88260,이리츠코크렙,0.492307692,0.533661741,0.465732087,0.300884956
567,12750,에스원,0.523895582,0.553986711,0.62202381,0.300884956
577,85310,엔케이,0.440322581,0.520719178,0.551801802,0.300884956
891,5387,현대차2우B,0.593819806,0.59622824,0.516136163,0.300884956
697,2780,진흥기업,0.478514056,0.48960499,0.289719626,0.300884956
887,11210,현대위아,0.494159637,0.479807692,0.501282051,0.300884956
466,390,삼화페인트,0.512872629,0.505201765,0.516172507,0.300884956
348,92200,디아이씨,0.475454545,0.450515796,0.668463612,0.300884956
885,17800,현대엘리베이,0.430873181,0.45545393,0.466180371,0.300884956
433,5930,삼성전자,0.615440115,0.483650794,0.806306306,0.300884956
803,6200,한국전자홀딩스,0.526818182,0.494159637,0.553738318,0.300884956
103,51915,LG화학우,0.472763348,0.48960499,0.625378788,0.300884956
310,5960,동부건설,0.461403509,0.417692939,0.299107143,0.300884956
61,3560,IHQ,0.592995169,0.578571429,0.777925532,0.3
326,49770,동원F&B,0.519480519,0.462258065,0.533799534,0.299107143
512,26890,스틱인베스트먼트,0.601943347,0.462578616,0.478514056,0.299107143
386,396690,미래에셋글로벌리츠,0.536324786,0.587991718,0.498387097,0.298507463
834,14680,한솔케미칼,0.55090312,0.490224359,0.599275362,0.296460177
237,90350,노루페인트,0.521219136,0.52807309,0.41547619,0.296460177
4,138930,BNK금융지주,0.490096618,0.523361454,0.549065421,0.296460177
828,105630,한세실업,0.536263736,0.580769231,0.537377451,0.296460177
194,10130,고려아연,0.556959707,0.549509804,0.430735931,0.296460177
144,1740,SK네트웍스,0.524547804,0.474175824,0.549065421,0.296460177
107,680,LS네트웍스,0.45400641,0.50754717,0.38997114,0.296460177
29,7340,DN오토모티브,0.497582205,0.528526646,0.621345029,0.296460177
22,139130,DGB금융지주,0.5454207,0.482848233,0.551980198,0.296460177
913,850,화천기공,0.412229938,0.471760797,0.511455526,0.296460177
100,66575,LG전자우,0.416583417,0.473026973,0.296460177,0.296460177
902,111110,호전실업,0.510389036,0.527417027,0.663746631,0.296460177
68,105560,KB금융,0.517871486,0.602600251,0.59859736,0.296460177
898,1450,현대해상,0.510526316,0.570621469,0.556451613,0.296460177
49,267270,HD현대건설기계,0.463270963,0.486401012,0.458128079,0.296460177
895,11760,현대코퍼레이션,0.527987421,0.592055485,0.486231314,0.296460177
218,73240,금호타이어,0.521136364,0.505029202,0.435309973,0.296460177
892,5389,현대차3우B,0.620484401,0.588652482,0.799107143,0.296460177
262,1685,대상우,0.533219178,0.518847795,0.593795094,0.296460177
0,95570,AJ네트웍스,0.515567766,0.490224359,0.454710145,0.296460177
686,44380,주연테크,0.501646904,0.497582205,0.603303471,0.296460177
616,3470,유안타증권,0.59729064,0.520256917,0.530769231,0.296460177
687,13890,지누스,0.52770936,0.499421296,0.496116505,0.296460177
364,5300,롯데칠성,0.540562249,0.464426877,0.481314433,0.296460177
361,286940,롯데정보통신,0.514285714,0.475171233,0.37305296,0.296460177
660,20760,일진디스플,0.536263736,0.554996647,0.677752294,0.296460177
462,4450,삼화왕관,0.587490692,0.561157311,0.554123711,0.296460177
717,3690,코리안리,0.517871486,0.584385382,0.365511551,0.296460177
468,41650,상신브레이크,0.47248996,0.50754717,0.647580645,0.296460177
474,17390,서울가스,0.587490692,0.532629256,0.547297297,0.296460177
479,136490,선진,0.497005044,0.531467426,0.661153846,0.296460177
484,4985,성신양회우,0.5725,0.531045752,0.296460177,0.296460177
490,4490,세방전지,0.445816864,0.50426945,0.423099415,0.296460177
622,1200,유진투자증권,0.53886693,0.526442308,0.623863636,0.296460177
313,2210,동성제약,0.593795094,0.458570413,0.799107143,0.296460177
759,91810,티웨이항공,0.381726908,0.481952291,0.481314433,0.296460177
388,85620,미래에셋생명,0.602487562,0.58608838,0.595424837,0.294642857
276,69620,대웅제약,0.504515599,0.479208585,0.526075269,0.294642857
777,950210,프레스티지바이오파마,0.441778127,0.420261438,0.391666667,0.292792793
241,6280,녹십자,0.577655678,0.568253468,0.540033595,0.292792793
531,19170,신풍제약,0.570075758,0.557460317,0.649122807,0.292035398
412,2070,비비안,0.449836601,0.422425474,0.532169118,0.292035398
906,378850,화승알앤에이,0.558471761,0.547932331,0.430592992,0.292035398
448,70,삼양홀딩스,0.484469697,0.508220503,0.529251701,0.292035398
347,3160,디아이,0.581076725,0.573040752,0.593646865,0.292035398
77,16380,KG스틸,0.493144133,0.546815889,0.560126582,0.292035398
667,950,전방,0.483918129,0.534538153,0.436407767,0.292035398
92,34220,LG디스플레이,0.581161579,0.445847176,0.500412541,0.292035398
819,11500,한농화성,0.475790514,0.479234263,0.596296296,0.292035398
108,229640,LS에코에너지,0.435680566,0.520930233,0.544392523,0.292035398
335,20,동화약품,0.435680566,0.539700997,0.632398754,0.292035398
761,5690,파미셀,0.422425474,0.52369281,0.566789216,0.292035398
129,5490,POSCO홀딩스,0.475986597,0.552563271,0.58041958,0.292035398
823,8930,한미사이언스,0.582070707,0.51875,0.420677362,0.292035398
153,100090,SK오션플랜트,0.536844136,0.534231019,0.546116505,0.292035398
166,36530,SNT홀딩스,0.57254623,0.570895522,0.565068493,0.292035398
565,5850,에스엘,0.500541126,0.436936937,0.467532468,0.292035398
258,8110,대동전자,0.45790716,0.565210459,0.521390374,0.292035398
40,1250,GS글로벌,0.498563218,0.527306968,0.515491453,0.292035398
291,1795,대한제당우,0.648309179,0.622807018,0.292035398,0.292035398
487,2420,세기상사,0.515046296,0.524432535,0.507215007,0.292035398
323,1525,동양우,0.500541126,0.573076923,0.491262136,0.292035398
792,71050,한국금융지주,0.479234263,0.488808323,0.600970874,0.292035398
605,10600,웰바이오텍,0.413453973,0.485714286,0.292035398,0.292035398
742,14580,태경비케이,0.633709981,0.625892278,0.520698925,0.292035398
888,4020,현대제철,0.495668746,0.497566515,0.529007378,0.292035398
602,16880,웅진,0.475986597,0.531620553,0.802752294,0.292035398
471,248170,샘표식품,0.551075269,0.579621849,0.6125,0.292035398
26,375500,DL이앤씨,0.539091586,0.514073371,0.557228916,0.292035398
322,82640,동양생명,0.511835749,0.573977824,0.491666667,0.292035398
359,280360,롯데웰푸드,0.514285714,0.501646904,0.481321839,0.290909091
520,35510,신세계 I&C,0.55787728,0.477774224,0.564233164,0.290178571
568,23960,에쓰씨엔지니어링,0.505871212,0.510060362,0.601409314,0.290178571
653,3120,일성신약,0.480283114,0.516427432,0.677884615,0.290178571
571,78520,에이블씨엔씨,0.441904762,0.432957393,0.285714286,0.287610619
500,33530,세종공업,0.526886792,0.508647799,0.46612542,0.287610619
256,35320K,대덕전자1우,0.477368421,0.595351044,0.538990826,0.287610619
607,33270,유나이티드제약,0.515804598,0.529166667,0.54047619,0.287610619
128,178920,PI첨단소재,0.573500967,0.453291536,0.654967159,0.287610619
416,3960,사조대림,0.488911989,0.518858801,0.585917313,0.287610619
423,6405,삼성SDI우,0.503018109,0.446002579,0.542079208,0.287610619
428,32830,삼성생명,0.488911989,0.405555556,0.515322581,0.287610619
162,660,SK하이닉스,0.545874822,0.505764163,0.502164502,0.287610619
833,213500,한솔제지,0.700061275,0.503018109,0.651153846,0.287610619
582,111770,영원무역,0.596586345,0.582131661,0.541262136,0.287610619
829,69640,한세엠케이,0.533574879,0.542424242,0.543814433,0.287610619
195,2240,고려제강,0.460441767,0.516339869,0.448844884,0.287610619
783,71090,하이스틸,0.567460317,0.455345912,0.508873457,0.287610619
265,128820,대성산업,0.433816184,0.460441767,0.705825243,0.287610619
776,5810,풍산홀딩스,0.482051282,0.477777778,0.485714286,0.287610619
353,32350,롯데관광개발,0.513787375,0.573500967,0.577777778,0.287610619
206,83420,그린케미칼,0.515804598,0.513787375,0.462037962,0.287610619
926,5010,휴스틸,0.470401691,0.508135593,0.491728701,0.28440367
149,302440,SK바이오사이언스,0.465504979,0.438704319,0.562585034,0.283783784
444,145995,삼양사우,0.609903382,0.528318903,0.275229358,0.283185841
437,16360,삼성증권,0.523373984,0.539583333,0.569430569,0.283185841
431,9150,삼성전기,0.523373984,0.477519133,0.512391817,0.283185841
214,11780,금호석유,0.458440999,0.510350877,0.676980198,0.283185841
287,6650,대한유화,0.482773471,0.439134809,0.404816514,0.283185841
50,322000,HD현대에너지솔루션,0.575801282,0.512671233,0.477108434,0.283185841
896,227840,현대코퍼레이션홀딩스,0.493321918,0.523650794,0.582608696,0.283185841
876,725,현대건설우,0.515769231,0.537728938,0.691666667,0.283185841
275,3090,대웅,0.555770887,0.485094851,0.61969697,0.283185841
806,25890,한국주강,0.595396825,0.570754717,0.57251462,0.283185841
161,17670,SK텔레콤,0.41884058,0.539295875,0.785714286,0.283185841
344,16740,두올,0.519305646,0.518081761,0.442176871,0.283185841
564,118000,에스메디,0.631451613,0.589649123,0.468452381,0.283185841
156,96775,SK이노베이션우,0.589891975,0.521309771,0.566239316,0.283185841
591,2630,오리엔트바이오,0.501732502,0.557692308,0.28125,0.283185841
593,1800,오리온홀딩스,0.499110953,0.613333333,0.613871636,0.283185841
818,3350,한국화장품제조,0.46129776,0.474854932,0.536407767,0.283185841
762,36580,팜스코,0.471969697,0.55952381,0.555383023,0.283185841
169,77970,STX엔진,0.589538347,0.528091651,0.62305296,0.283185841
131,10955,S-Oil우,0.537637897,0.487777778,0.618037135,0.283185841
127,10060,OCI홀딩스,0.486225403,0.420454545,0.455167173,0.282407407
798,2200,한국수출포장,0.454040404,0.544871795,0.536458333,0.28125
772,47050,포스코인터내셔널,0.528318903,0.442687747,0.536407767,0.28125
35,383220,F&F,0.552207792,0.565283401,0.482352941,0.279411765
810,161890,한국콜마,0.482155232,0.497944339,0.478409091,0.279279279
236,251270,넷마블,0.54994824,0.511755486,0.598214286,0.278761062
782,352820,하이브,0.518272425,0.511755486,0.506294256,0.278761062
225,1260,남광토건,0.43071161,0.486472603,0.400229358,0.278761062
890,5380,현대차,0.467123288,0.4201817,0.510065543,0.278761062
637,74610,이엔플러스,0.695224719,0.53735091,0.783783784,0.278761062
910,10690,화신,0.398221344,0.409313725,0.362511052,0.278761062
755,214420,토니모리,0.448393574,0.448681733,0.706386293,0.278761062
234,2350,넥센타이어,0.48992674,0.469706633,0.469986586,0.278761062
524,6880,신송홀딩스,0.582972583,0.624527112,0.532178218,0.278761062
470,7540,샘표,0.529924242,0.400537634,0.438943894,0.278761062
351,210540,디와이파워,0.451039571,0.515714286,0.467016807,0.278761062
695,272450,진에어,0.554708672,0.469706633,0.590816327,0.278761062
427,207940,삼성바이오로직스,0.48192402,0.604326923,0.582407407,0.278761062
739,259960,크래프톤,0.516483516,0.516666667,0.496527778,0.278409091
498,21820,세원정공,0.638746803,0.542682927,0.711320755,0.277777778
53,329180,HD현대중공업,0.569078947,0.438235294,0.503688525,0.277777778
750,9415,태영건설우,0.475113122,0.468177435,0.436666667,0.276785714
744,6890,태경케미컬,0.59169279,0.524325173,0.54414298,0.274336283
239,320,노루홀딩스,0.450670141,0.53542062,0.501782531,0.274336283
553,12170,아센디오,0.586105336,0.53120915,0.776785714,0.274336283
824,128940,한미약품,0.405172414,0.518321918,0.462307692,0.274336283
116,35420,NAVER,0.51343785,0.480871212,0.577777778,0.274336283
112,108675,LX하우시스우,0.566477273,0.623754153,0.524774775,0.274336283
659,81000,일진다이아,0.617545512,0.541044776,0.487012987,0.274336283
193,2140,고려산업,0.519785379,0.517552182,0.559946237,0.274336283
646,23800,인지컨트롤스,0.5066313,0.538732394,0.528350515,0.274336283
175,2900,TYM,0.562896406,0.49965847,0.447124304,0.270642202
192,12205,계양전기우,0.609090909,0.632086168,0.580882353,0.270588235
88,58850,KTcs,0.504417671,0.505979938,0.588690476,0.269911504
64,1060,JW중외제약,0.53,0.609070935,0.491452991,0.269911504
809,17960,한국카본,0.539651494,0.540819783,0.551816239,0.269911504
51,42670,HD현대인프라코어,0.531690141,0.476802508,0.480590062,0.269911504
618,72130,유엔젤,0.499466572,0.473750791,0.466990291,0.269911504
110,1120,LX인터내셔널,0.455882353,0.452351097,0.494099135,0.269911504
152,361610,SK아이이테크놀로지,0.481416957,0.468102073,0.608843537,0.269230769
183,9450,경동나비엔,0.562541918,0.494193346,0.53707483,0.265486726
124,8260,NI스틸,0.468181818,0.489454899,0.534385382,0.265486726
816,47810,한국항공우주,0.500318878,0.465686275,0.526119403,0.265486726
111,108670,LX하우시스,0.523333333,0.412080961,0.265486726,0.265486726
284,12800,대창,0.512087912,0.494193346,0.359259259,0.265486726
69,432320,KB스타리츠,0.409722222,0.348484848,0.591666667,0.264705882
634,5950,이수화학,0.425440313,0.534763058,0.416979362,0.263888889
97,32640,LG유플러스,0.45621142,0.471122648,0.500919118,0.263392857
95,373220,LG에너지솔루션,0.421710526,0.478319783,0.576973684,0.262711864
430,28050,삼성엔지니어링,0.536552649,0.529095509,0.51344086,0.261061947
661,103590,일진전기,0.504924242,0.45003858,0.527045455,0.261061947
912,10660,화천기계,0.492506378,0.513471178,0.490966387,0.261061947
399,1340,백광산업,0.450668896,0.483333333,0.546296296,0.256944444
62,175330,JB금융지주,0.54658606,0.496842105,0.500241546,0.256756757
502,68270,셀트리온,0.594117647,0.502256609,0.603741497,0.256637168
548,90430,아모레퍼시픽,0.541477273,0.510869565,0.428891377,0.256637168
835,4710,한솔테크닉스,0.558265583,0.468652038,0.507894737,0.254464286
23,1530,DI동일,0.539625647,0.548642534,0.519296532,0.254464286
384,25560,미래산업,0.521910467,0.575714286,0.57798574,0.252212389
730,21240,코웨이,0.562807018,0.465627096,0.590342679,0.252212389
290,1790,대한제당,0.539405685,0.467628205,0.569642857,0.252212389
581,14440,영보화학,0.513042005,0.439052288,0.515073213,0.252212389
600,10400,우진아이엔에스,0.477766798,0.459935897,0.511904762,0.247787611
86,30200,KT,0.610441767,0.522257053,0.60806271,0.247787611
677,4910,조광페인트,0.530291109,0.532371795,0.552427184,0.247787611
765,10820,퍼스텍,0.53257432,0.42507837,0.601481959,0.243362832
398,3610,방림,0.546296296,0.471458774,0.618506494,0.23853211
710,381970,케이카,0.637142857,0.602564103,0.707352941,0.230769231
540,403550,쏘카,0.756410256,0.792207792,0.666666667,0.2
609,446070,유니드비티플러스,0.1875,0.142857143,0.266666667,0.1875
491,1430,세아베스틸지주,0.52099359,0.476355612,0.520989975,0.185840708
