날짜,시가,종가,MACD비교,RSI비교,RSI50이상,이평 비교,MACD_Binary,MACD_minus_Signal_Binary,RSI_minus_Signal_Binary
2014-03-21,37400,38700,0,1,0,0,0,0,1
2014-03-24,38750,38150,0,1,0,0,0,0,1
2014-03-25,38250,37600,0,0,0,0,0,0,0
2014-03-26,38100,38400,1,1,0,0,0,1,1
2014-03-27,38050,37700,1,1,0,0,0,1,1
2014-03-28,37850,37050,0,1,0,0,0,0,1
2014-03-31,37000,36000,0,0,0,0,0,0,0
2014-04-01,36650,37000,0,1,0,0,0,0,1
2014-04-02,37450,37050,0,1,0,0,0,0,1
2014-04-03,37300,36550,0,0,0,0,0,0,0
2014-04-04,36750,37250,0,1,1,0,0,0,1
2014-04-07,36800,37000,0,1,1,0,0,0,1
2014-04-08,36650,36750,0,1,0,0,0,0,1
2014-04-09,36900,37650,1,1,1,0,0,1,1
2014-04-10,37600,37700,1,0,0,0,0,1,0
2014-04-11,37450,37050,1,0,0,0,0,1,0
2014-04-14,37100,36900,1,0,0,0,0,1,0
2014-04-15,37450,37400,1,0,0,1,0,1,0
2014-04-16,37750,37650,1,1,0,1,0,1,1
2014-04-17,38050,38050,1,1,1,1,0,1,1
2014-04-18,39400,39200,1,1,1,1,1,1,1
2014-04-21,39300,39400,1,1,1,1,1,1,1
2014-04-22,39900,39800,1,1,1,1,1,1,1
2014-04-23,40200,40750,1,1,1,1,1,1,1
2014-04-24,40850,40900,1,1,1,1,1,1,1
2014-04-25,41100,40750,1,1,1,1,1,1,1
2014-04-28,40450,40500,1,1,1,0,1,1,1
2014-04-29,40250,39700,1,0,1,0,1,1,0
2014-04-30,39700,40150,1,0,1,0,1,1,0
2014-05-02,41200,40650,1,1,1,1,1,1,1
2014-05-07,41000,41100,1,1,1,1,1,1,1
2014-05-08,41450,40650,1,1,1,1,1,1,1
2014-05-09,40950,41150,1,1,1,1,1,1,1
2014-05-12,40900,41400,1,1,1,1,1,1,1
2014-05-13,41850,41700,1,0,1,1,1,1,0
2014-05-14,42200,42100,1,0,1,1,1,1,0
2014-05-15,41850,42000,1,0,1,1,1,1,0
2014-05-16,42000,42250,1,0,1,1,1,1,0
2014-05-19,42000,40900,1,0,1,0,1,1,0
2014-05-20,41100,42000,1,0,1,1,1,1,0
2014-05-21,41950,41900,0,0,1,1,1,0,0
2014-05-22,42400,42400,1,1,1,1,1,1,1
2014-05-23,42300,42350,1,1,1,1,1,1,1
2014-05-26,42600,42400,0,0,1,1,1,0,0
2014-05-27,42600,42200,0,0,1,0,1,0,0
2014-05-28,42750,42600,0,1,1,1,1,0,1
2014-05-29,42700,42600,0,0,1,1,1,0,0
2014-05-30,42600,44150,1,1,1,1,1,1,1
2014-06-02,44200,44700,1,1,1,1,1,1,1
2014-06-03,44250,44650,1,1,1,1,1,1,1
2014-06-05,45300,46450,1,1,1,1,1,1,1
2014-06-09,47000,46100,1,1,1,1,1,1,1
2014-06-10,46600,47350,1,1,1,1,1,1,1
2014-06-11,47550,47000,1,1,1,1,1,1,1
2014-06-12,48000,47400,1,1,1,1,1,1,1
2014-06-13,47000,47050,1,1,1,1,1,1,1
2014-06-16,46600,48350,1,1,1,1,1,1,1
2014-06-17,49000,49350,1,1,1,1,1,1,1
2014-06-18,49400,49000,1,1,1,1,1,1,1
2014-06-19,49850,50700,1,1,1,1,1,1,1
2014-06-20,50900,49400,1,0,1,1,1,1,0
2014-06-23,49250,48900,1,0,1,0,1,1,0
2014-06-24,49000,50300,1,0,1,1,1,1,0
2014-06-25,50200,49800,1,0,1,0,1,1,0
2014-06-26,50300,48750,0,0,1,0,1,0,0
2014-06-27,48350,47500,0,0,1,0,1,0,0
2014-06-30,47900,48550,0,0,1,0,1,0,0
2014-07-01,49450,48450,0,0,1,0,1,0,0
2014-07-02,49150,50400,0,0,1,1,1,0,0
2014-07-03,50700,50900,0,0,1,1,1,0,0
2014-07-04,51000,50400,0,0,1,1,1,0,0
2014-07-07,50400,51600,0,0,1,1,1,0,0
2014-07-08,51300,51900,1,0,1,1,1,1,0
2014-07-09,51500,49750,0,0,0,0,1,0,0
2014-07-10,49750,49300,0,0,0,0,1,0,0
2014-07-11,48950,48950,0,0,1,0,1,0,0
2014-07-14,49250,49350,0,0,0,0,1,0,0
2014-07-15,50300,49750,0,0,0,0,1,0,0
2014-07-16,50000,51000,0,1,1,0,1,0,1
2014-07-17,51600,51500,0,1,1,1,1,0,1
2014-07-18,50200,50800,0,1,1,1,1,0,1
2014-07-21,51300,50500,0,1,1,0,1,0,1
2014-07-22,50100,51000,0,0,1,1,1,0,0
2014-07-23,50900,49450,0,0,0,0,1,0,0
2014-07-24,49650,47550,0,0,0,0,1,0,0
2014-07-25,47800,47500,0,0,0,0,1,0,0
2014-07-28,47450,46550,0,0,0,0,1,0,0
2014-07-29,45200,44400,0,0,0,0,0,0,0
2014-07-30,45000,46750,0,1,0,0,0,0,1
2014-07-31,46050,45450,0,0,0,0,0,0,0
2014-08-01,44100,46300,0,1,0,0,0,0,1
2014-08-04,46400,47850,0,1,0,0,0,0,1
2014-08-05,48250,47300,0,0,0,0,0,0,0
2014-08-06,46750,45400,0,0,0,0,0,0,0
2014-08-07,45700,45200,0,0,0,0,0,0,0
2014-08-08,44500,44200,0,0,0,0,0,0,0
2014-08-11,44900,45000,0,0,0,0,0,0,0
2014-08-12,45000,43250,0,0,0,0,0,0,0
2014-08-13,43600,43900,0,1,0,0,0,0,1
2014-08-14,44500,43550,0,1,0,0,0,0,1
2014-08-18,44400,43850,0,1,0,0,0,0,1
2014-08-19,44250,43800,0,1,0,0,0,0,1
2014-08-20,44150,45350,0,1,0,0,0,0,1
2014-08-21,45800,45850,1,1,1,0,0,1,1
2014-08-22,46700,45950,1,1,0,0,0,1,1
2014-08-25,45850,47150,1,1,0,1,0,1,1
2014-08-26,47150,46700,1,1,0,1,0,1,1
2014-08-27,46700,45350,1,1,0,0,0,1,1
2014-08-28,45600,45600,1,1,1,0,0,1,1
2014-08-29,45100,45400,1,1,1,0,0,1,1
2014-09-01,45700,44500,1,0,0,0,0,1,0
2014-09-02,44700,44050,1,1,1,0,0,1,1
2014-09-03,43450,41800,0,0,0,0,0,0,0
2014-09-04,42450,42050,0,0,0,0,0,0,0
2014-09-05,42600,43200,0,1,0,0,0,0,1
2014-09-11,45700,43850,0,1,1,0,0,0,1
2014-09-12,44200,44500,0,0,0,0,0,0,0
2014-09-15,44300,42800,0,0,0,0,0,0,0
2014-09-16,42300,43500,0,0,0,0,0,0,0
2014-09-17,43850,44100,1,0,0,0,0,1,0
2014-09-18,43800,42900,1,0,0,0,0,1,0
2014-09-19,43400,44000,1,1,0,0,0,1,1
2014-09-22,43550,43250,1,0,0,0,0,1,0
2014-09-23,42900,42500,1,0,0,0,0,1,0
2014-09-24,42550,44200,1,1,0,0,0,1,1
2014-09-25,44400,44600,1,1,1,0,0,1,1
2014-09-26,44500,45600,1,1,1,1,0,1,1
2014-09-29,46500,47150,1,1,1,1,0,1,1
2014-09-30,46900,46750,1,1,1,1,1,1,1
2014-10-01,46750,46400,1,1,1,1,1,1,1
2014-10-02,46000,47100,1,1,1,1,1,1,1
2014-10-06,47850,44700,1,1,1,0,1,1,1
2014-10-07,44500,44700,1,0,1,0,1,1,0
2014-10-08,44500,44150,1,0,1,0,1,1,0
2014-10-10,42050,42200,0,0,0,0,0,0,0
2014-10-13,40350,41700,0,0,0,0,0,0,0
2014-10-14,41750,43300,0,0,1,0,0,0,0
2014-10-15,43200,43400,0,1,1,0,0,0,1
2014-10-16,43500,45100,0,1,1,0,0,0,1
2014-10-17,45000,44100,0,0,0,0,0,0,0
2014-10-20,44100,44900,1,0,0,0,0,1,0
2014-10-21,45050,45250,1,0,0,0,0,1,0
2014-10-22,46250,46300,1,0,0,1,1,1,0
2014-10-23,46300,45500,1,0,0,1,1,1,0
2014-10-24,46450,45300,1,0,0,0,1,1,0
2014-10-27,45800,44600,1,1,0,0,1,1,1
2014-10-28,45150,46000,1,1,1,1,1,1,1
2014-10-29,46350,47000,1,1,1,1,1,1,1
2014-10-30,47300,47200,1,1,1,1,1,1,1
2014-10-31,47550,47450,1,1,1,1,1,1,1
2014-11-03,48000,48050,1,1,1,1,1,1,1
2014-11-04,48300,47450,1,1,1,1,1,1,1
2014-11-05,47850,47200,1,0,1,0,1,1,0
2014-11-06,47750,47950,1,1,1,1,1,1,1
2014-11-07,47950,47400,1,0,1,0,1,1,0
2014-11-10,47500,47550,1,0,1,1,1,1,0
2014-11-11,48000,47600,1,0,1,1,1,1,0
2014-11-12,47900,48100,1,1,1,1,1,1,1
2014-11-13,48350,48100,1,1,1,1,1,1,1
2014-11-14,48500,49200,1,1,1,1,1,1,1
2014-11-17,49200,45900,0,0,0,0,1,0,0
2014-11-18,46500,46400,0,0,0,0,1,0,0
2014-11-19,47400,47150,0,0,0,0,1,0,0
2014-11-20,47000,47250,0,0,0,1,1,0,0
2014-11-21,47450,46450,0,0,0,0,1,0,0
2014-11-24,47250,47100,0,0,0,0,1,0,0
2014-11-25,48400,48500,0,1,1,0,1,0,1
2014-11-26,48600,48600,0,0,1,1,1,0,0
2014-11-27,48700,47850,0,0,1,1,1,0,0
2014-11-28,48050,48050,0,0,1,1,1,0,0
2014-12-01,48050,47950,0,0,1,0,1,0,0
2014-12-02,47850,47700,0,0,0,0,1,0,0
2014-12-03,48300,48050,0,0,0,1,1,0,0
2014-12-04,48600,48700,1,0,0,1,1,1,0
2014-12-05,48800,48350,1,1,1,1,1,1,1
2014-12-08,49000,48650,1,1,1,1,1,1,1
2014-12-09,48800,49450,1,1,1,1,1,1,1
2014-12-10,49100,48850,1,1,1,1,1,1,1
2014-12-11,48300,47200,0,0,1,0,1,0,0
2014-12-12,47300,47550,0,0,1,0,1,0,0
2014-12-15,47100,47650,0,0,0,0,1,0,0
2014-12-16,47150,46500,0,0,0,0,1,0,0
2014-12-17,46500,46700,0,0,0,0,1,0,0
2014-12-18,47600,47700,0,0,0,0,1,0,0
2014-12-19,48500,48500,0,1,1,0,1,0,1
2014-12-22,48000,48250,0,1,1,0,1,0,1
2014-12-23,48050,47450,0,0,0,0,1,0,0
2014-12-24,47100,47800,0,0,0,0,1,0,0
2014-12-26,47600,47000,0,0,0,0,1,0,0
2014-12-29,47100,48050,0,0,0,0,1,0,0
2014-12-30,48300,47750,0,0,0,0,1,0,0
2015-01-02,47950,47750,0,0,0,0,1,0,0
2015-01-05,48050,47650,0,1,1,0,1,0,1
2015-01-06,47000,47500,0,1,0,0,1,0,1
2015-01-07,46700,47400,0,1,0,0,1,0,1
2015-01-08,48250,49950,1,1,1,1,1,1,1
2015-01-09,50700,49700,1,1,1,1,1,1,1
2015-01-12,50000,50300,1,1,1,1,1,1,1
2015-01-13,48500,49000,1,0,1,0,1,1,0
2015-01-14,48900,48900,1,0,1,0,1,1,0
2015-01-15,48900,49500,1,1,1,1,1,1,1
2015-01-16,48450,47450,1,0,0,0,1,1,0
2015-01-19,47500,47000,0,0,1,0,1,0,0
2015-01-20,47250,47050,0,0,0,0,1,0,0
2015-01-21,47500,48050,0,0,1,0,1,0,0
2015-01-22,48100,47000,0,0,0,0,0,0,0
2015-01-23,47600,47500,0,0,0,0,0,0,0
2015-01-26,47250,48250,0,1,1,0,0,0,1
2015-01-27,49350,49150,0,1,1,0,1,0,1
2015-01-28,49150,49200,1,0,0,0,1,1,0
2015-01-29,48500,47400,0,0,0,0,1,0,0
2015-01-30,48000,47650,0,0,0,0,1,0,0
2015-02-02,47300,46600,0,0,0,0,0,0,0
2015-02-03,46450,46700,0,0,0,0,0,0,0
2015-02-04,47400,47300,0,0,0,0,0,0,0
2015-02-05,47300,47150,0,1,0,0,0,0,1
2015-02-06,47100,45500,0,0,0,0,0,0,0
2015-02-09,45300,45200,0,0,0,0,0,0,0
2015-02-10,45250,45150,0,0,0,0,0,0,0
2015-02-11,45900,46850,0,1,0,0,0,0,1
2015-02-12,47450,46650,0,1,0,0,0,0,1
2015-02-13,47000,47050,0,0,0,0,0,0,0
2015-02-16,47550,47500,1,0,0,0,0,1,0
2015-02-17,47350,46450,1,0,0,0,0,1,0
2015-02-23,46500,47200,1,1,0,0,0,1,1
2015-02-24,47900,47600,1,1,0,1,0,1,1
2015-02-25,47200,46500,1,1,0,0,0,1,1
2015-02-26,46750,47100,1,1,1,0,0,1,1
2015-02-27,47000,46600,1,0,0,0,0,1,0
2015-03-02,46850,46850,1,1,0,0,0,1,1
2015-03-03,47150,47300,1,1,1,1,0,1,1
2015-03-04,47300,45900,1,1,1,0,0,1,1
2015-03-05,45650,45500,0,1,1,0,0,0,1
2015-03-06,46050,46200,0,0,0,0,0,0,0
2015-03-09,45450,45100,0,0,0,0,0,0,0
2015-03-10,45200,44150,0,0,0,0,0,0,0
2015-03-11,43500,43400,0,0,0,0,0,0,0
2015-03-12,43400,43250,0,0,0,0,0,0,0
2015-03-13,43350,44100,0,0,0,0,0,0,0
2015-03-16,44400,45800,0,1,0,0,0,0,1
2015-03-17,46100,46250,1,1,0,0,0,1,1
2015-03-18,46250,46250,1,1,0,0,0,1,1
2015-03-19,46950,46400,1,1,0,0,0,1,1
2015-03-20,46450,46850,1,1,1,1,0,1,1
2015-03-23,47100,48150,1,1,1,1,0,1,1
2015-03-24,47700,48000,1,1,1,1,1,1,1
2015-03-25,48000,48300,1,1,1,1,1,1,1
2015-03-26,47250,47000,1,1,1,0,1,1,1
2015-03-27,46150,45800,1,1,1,0,1,1,1
2015-03-30,46000,45500,1,1,1,0,1,1,1
2015-03-31,46300,45550,1,1,1,0,0,1,1
2015-04-01,45950,45000,0,1,1,0,0,0,1
2015-04-02,44550,44800,0,0,1,0,0,0,0
2015-04-03,44300,44200,0,0,0,0,0,0,0
2015-04-06,44450,44750,0,0,0,0,0,0,0
2015-04-07,45000,43950,0,0,0,0,0,0,0
2015-04-08,43900,42600,0,0,0,0,0,0,0
2015-04-09,42000,41900,0,0,0,0,0,0,0
2015-04-10,42850,43600,0,0,0,0,0,0,0
2015-04-13,44400,44200,0,0,0,0,0,0,0
2015-04-14,44250,44000,0,0,0,0,0,0,0
2015-04-15,44000,44300,0,1,0,0,0,0,1
2015-04-16,44750,44500,1,1,0,0,0,1,1
2015-04-17,44700,44550,1,1,0,0,0,1,1
2015-04-20,44100,44250,1,1,0,0,0,1,1
2015-04-21,44600,45150,1,1,1,0,0,1,1
2015-04-22,45700,45250,1,1,1,1,0,1,1
2015-04-23,46400,45800,1,1,1,1,0,1,1
2015-04-24,46700,47200,1,1,1,1,1,1,1
2015-04-27,47300,45800,1,1,1,0,1,1,1
2015-04-28,46150,46950,1,1,1,1,1,1,1
2015-04-29,47050,46900,1,1,1,1,1,1,1
2015-04-30,46900,46150,1,1,1,0,1,1,1
2015-05-04,46500,46800,1,1,1,1,1,1,1
2015-05-06,46300,45300,1,0,1,0,1,1,0
2015-05-07,44850,45900,1,0,1,0,1,1,0
2015-05-08,45300,45950,1,0,1,0,1,1,0
2015-05-11,46100,46300,1,0,1,1,1,1,0
2015-05-12,46300,46050,1,0,1,1,1,1,0
2015-05-13,46100,45250,0,0,1,0,1,0,0
2015-05-14,45650,45550,0,0,1,0,1,0,0
2015-05-15,45750,45300,0,0,0,0,1,0,0
2015-05-18,45100,45450,0,0,0,0,1,0,0
2015-05-19,45650,46100,0,1,1,0,1,0,1
2015-05-20,46500,46850,1,0,0,0,1,1,0
2015-05-21,47000,46350,1,0,0,0,1,1,0
2015-05-22,46750,47850,1,1,1,1,1,1,1
2015-05-26,48500,48000,1,1,1,1,1,1,1
2015-05-27,48000,48450,1,1,1,1,1,1,1
2015-05-28,49450,49650,1,1,1,1,1,1,1
2015-05-29,49350,51100,1,1,1,1,1,1,1
2015-06-01,50600,50600,1,1,1,1,1,1,1
2015-06-02,50700,51200,1,1,1,1,1,1,1
2015-06-03,51000,49800,1,1,1,0,1,1,1
2015-06-04,49500,48300,1,0,1,0,1,1,0
2015-06-05,48300,49050,1,0,1,0,1,1,0
2015-06-08,48600,48050,0,0,1,0,1,0,0
2015-06-09,47750,48000,0,0,1,0,1,0,0
2015-06-10,48000,47500,0,0,1,0,1,0,0
2015-06-11,47800,47100,0,0,1,0,1,0,0
2015-06-12,47750,46550,0,0,0,0,1,0,0
2015-06-15,46550,46150,0,0,0,0,1,0,0
2015-06-16,45250,44200,0,0,0,0,0,0,0
2015-06-17,44250,44950,0,0,0,0,0,0,0
2015-06-18,44900,44300,0,0,0,0,0,0,0
2015-06-19,44350,43550,0,0,0,0,0,0,0
2015-06-22,43800,43850,0,0,0,0,0,0,0
2015-06-23,44350,44150,0,0,0,0,0,0,0
2015-06-24,44250,43350,0,0,0,0,0,0,0
2015-06-25,43100,43100,0,0,0,0,0,0,0
2015-06-26,41550,42000,0,0,0,0,0,0,0
2015-06-29,41000,42600,0,0,0,0,0,0,0
2015-06-30,42650,42300,0,0,0,0,0,0,0
2015-07-01,42800,42800,0,1,0,0,0,0,1
2015-07-02,43000,42100,0,1,0,0,0,0,1
2015-07-03,42700,42650,0,1,0,0,0,0,1
2015-07-06,42000,40750,0,1,0,0,0,0,1
2015-07-07,41200,41350,0,1,0,0,0,0,1
2015-07-08,41100,40900,0,1,0,0,0,0,1
2015-07-09,40400,40950,0,1,0,0,0,0,1
2015-07-10,41250,40850,0,1,0,0,0,0,1
2015-07-13,41450,40550,0,0,0,0,0,0,0
2015-07-14,40600,37850,0,0,0,0,0,0,0
2015-07-15,38400,39300,0,1,0,0,0,0,1
2015-07-16,39000,39450,0,1,0,0,0,0,1
2015-07-17,39500,39950,0,1,0,0,0,0,1
2015-07-20,40150,38650,0,1,0,0,0,0,1
2015-07-21,38950,39050,0,1,0,0,0,0,1
2015-07-22,39000,38200,0,1,0,0,0,0,1
2015-07-23,40000,39000,0,1,0,0,0,0,1
2015-07-24,39250,38550,1,1,0,0,0,1,1
2015-07-27,38500,37250,0,0,0,0,0,0,0
2015-07-28,36500,37100,0,0,0,0,0,0,0
2015-07-29,37450,37000,0,0,0,0,0,0,0
2015-07-30,36550,34500,0,0,0,0,0,0,0
2015-07-31,34800,37100,0,1,0,0,0,0,1
2015-08-03,36500,35950,0,1,0,0,0,0,1
2015-08-04,35450,37250,1,1,0,0,0,1,1
2015-08-05,37850,37300,1,1,0,0,0,1,1
2015-08-06,37750,36100,1,0,0,0,0,1,0
2015-08-07,35650,36200,1,1,0,0,0,1,1
2015-08-10,36200,36300,1,1,0,0,0,1,1
2015-08-11,36300,36100,1,1,0,0,0,1,1
2015-08-12,35600,35800,1,0,0,0,0,1,0
2015-08-13,35900,36900,1,1,0,0,0,1,1
2015-08-17,37300,35650,1,1,0,0,0,1,1
2015-08-18,35800,35050,1,1,0,0,0,1,1
2015-08-19,34500,33000,0,0,0,0,0,0,0
2015-08-20,33050,33050,0,1,0,0,0,0,1
2015-08-21,31400,32000,0,0,0,0,0,0,0
2015-08-24,31600,31050,0,0,0,0,0,0,0
2015-08-25,31300,33500,0,0,0,0,0,0,0
2015-08-26,33500,33450,0,0,0,0,0,0,0
2015-08-27,34200,35500,1,1,0,0,0,1,1
2015-08-28,36550,36900,1,1,1,0,0,1,1
2015-08-31,36850,35800,1,1,0,0,0,1,1
2015-09-01,35150,34400,1,1,0,0,0,1,1
2015-09-02,33500,34350,1,1,0,0,0,1,1
2015-09-03,34850,35400,1,1,0,1,0,1,1
2015-09-04,35500,34850,1,1,0,0,0,1,1
2015-09-07,34800,34750,1,1,0,1,0,1,1
2015-09-08,35000,34750,1,1,1,0,0,1,1
2015-09-09,35800,36000,1,1,1,1,0,1,1
2015-09-10,35400,35950,1,1,1,1,0,1,1
2015-09-11,35450,35000,1,1,1,0,0,1,1
2015-09-14,35300,34600,1,0,1,0,0,1,0
2015-09-15,34500,33600,1,0,1,0,0,1,0
2015-09-16,33800,35100,1,0,0,1,0,1,0
2015-09-17,35750,36150,1,0,0,1,0,1,0
2015-09-18,36400,35750,1,0,0,1,0,1,0
2015-09-21,35200,34800,1,1,1,0,0,1,1
2015-09-22,34900,34900,1,1,1,0,0,1,1
2015-09-23,34500,34700,1,0,0,0,0,1,0
2015-09-24,34900,33850,1,0,0,0,0,1,0
2015-09-25,33750,34350,1,0,0,0,0,1,0
2015-09-30,33700,33550,0,0,0,0,0,0,0
2015-10-01,33750,33700,0,0,0,0,0,0,0
2015-10-02,34200,34550,0,0,0,0,0,0,0
2015-10-05,35250,35350,1,1,1,0,0,1,1
2015-10-06,36300,37200,1,1,1,0,0,1,1
2015-10-07,37050,37300,1,1,1,1,1,1,1
2015-10-08,38000,37550,1,1,1,1,1,1,1
2015-10-12,37550,36850,1,0,1,1,1,1,0
2015-10-13,36800,36000,1,0,1,0,1,1,0
2015-10-14,36300,36400,1,1,1,0,1,1,1
2015-10-15,35950,36750,1,1,1,1,1,1,1
2015-10-16,36900,36100,1,1,1,0,1,1,1
2015-10-19,36150,35750,1,1,1,0,1,1,1
2015-10-20,36000,35700,1,1,1,0,1,1,1
2015-10-21,35000,33650,0,0,1,0,1,0,0
2015-10-22,33200,31950,0,0,0,0,0,0,0
2015-10-23,32400,32100,0,0,0,0,0,0,0
2015-10-26,32350,32900,0,0,0,0,0,0,0
2015-10-27,32100,32150,0,0,0,0,0,0,0
2015-10-28,32150,31450,0,0,0,0,0,0,0
2015-10-29,31700,31450,0,0,0,0,0,0,0
2015-10-30,31150,30700,0,0,0,0,0,0,0
2015-11-02,30700,32150,0,1,0,0,0,0,1
2015-11-03,32500,31900,0,0,0,0,0,0,0
2015-11-04,32500,32600,0,0,0,0,0,0,0
2015-11-05,32350,32650,0,1,0,0,0,0,1
2015-11-06,32350,31200,0,0,0,0,0,0,0
2015-11-09,30900,31250,0,0,0,0,0,0,0
2015-11-10,30850,31150,0,1,0,0,0,0,1
2015-11-11,30700,31000,0,1,0,0,0,0,1
2015-11-12,30950,30700,0,1,0,0,0,0,1
2015-11-13,30500,31150,0,1,0,0,0,0,1
2015-11-16,30600,30500,0,1,0,0,0,0,1
2015-11-17,31050,30600,0,1,0,0,0,0,1
2015-11-18,30600,30550,0,1,0,0,0,0,1
2015-11-19,30800,31200,1,1,1,0,0,1,1
2015-11-20,31500,31000,1,0,0,0,0,1,0
2015-11-23,31150,30650,1,0,0,0,0,1,0
2015-11-24,30600,30200,1,0,0,0,0,1,0
2015-11-25,30400,31900,1,1,0,0,0,1,1
2015-11-26,32400,32750,1,1,1,1,0,1,1
2015-11-27,33200,32000,1,1,1,1,0,1,1
2015-11-30,32050,31600,1,1,1,0,0,1,1
2015-12-01,31650,31350,1,1,1,0,0,1,1
2015-12-02,31550,31200,1,1,1,0,0,1,1
2015-12-03,31050,31150,1,1,1,0,0,1,1
2015-12-04,30700,31200,1,1,1,0,0,1,1
2015-12-07,31450,30700,1,0,1,0,0,1,0
2015-12-08,30500,30200,1,0,0,0,0,1,0
2015-12-09,30100,30250,0,0,0,0,0,0,0
2015-12-10,30200,30300,0,0,0,0,0,0,0
2015-12-11,30200,29850,0,0,0,0,0,0,0
2015-12-14,29000,29000,0,0,0,0,0,0,0
2015-12-15,29050,29400,0,0,0,0,0,0,0
2015-12-16,30050,30400,0,0,0,0,0,0,0
2015-12-17,30250,30250,0,0,0,0,0,0,0
2015-12-18,29800,30600,1,1,0,0,0,1,1
2015-12-21,30450,30500,1,1,0,0,0,1,1
2015-12-22,31000,32200,1,1,1,0,0,1,1
2015-12-23,32100,32700,1,1,1,1,0,1,1
2015-12-24,32950,31700,1,1,1,1,0,1,1
2015-12-28,31750,30900,1,1,1,0,0,1,1
2015-12-29,30900,31200,1,1,1,0,0,1,1
2015-12-30,31100,30750,1,1,1,0,0,1,1
2016-01-04,30550,30150,1,0,0,0,0,1,0
2016-01-05,30500,30600,1,1,1,0,0,1,1
2016-01-06,30600,30750,1,1,1,1,0,1,1
2016-01-07,30400,30200,0,1,1,0,0,0,1
2016-01-08,29800,29700,0,0,0,0,0,0,0
2016-01-11,29400,28650,0,0,0,0,0,0,0
2016-01-12,28600,27800,0,0,0,0,0,0,0
2016-01-13,28100,28100,0,0,0,0,0,0,0
2016-01-14,27300,27900,0,0,0,0,0,0,0
2016-01-15,27950,26800,0,0,0,0,0,0,0
2016-01-18,25900,26700,0,0,0,0,0,0,0
2016-01-19,26700,28300,0,1,0,0,0,0,1
2016-01-20,28050,26800,0,0,0,0,0,0,0
2016-01-21,26600,26600,0,0,0,0,0,0,0
2016-01-22,27200,27150,0,1,0,0,0,0,1
2016-01-25,27550,28000,0,1,0,0,0,0,1
2016-01-26,28000,27850,0,1,0,0,0,0,1
2016-01-27,28100,27650,1,1,0,0,0,1,1
2016-01-28,27450,27650,1,1,0,0,0,1,1
2016-01-29,27250,27300,1,1,0,0,0,1,1
2016-02-01,28100,28400,1,1,1,0,0,1,1
2016-02-02,28450,28450,1,1,1,0,0,1,1
2016-02-03,27600,27450,1,1,0,0,0,1,1
2016-02-04,27700,28100,1,1,1,1,0,1,1
2016-02-05,28100,28100,1,1,1,1,0,1,1
2016-02-11,27000,27150,1,0,0,0,0,1,0
2016-02-12,26850,27350,1,1,1,0,0,1,1
2016-02-15,27750,27700,1,1,1,1,0,1,1
2016-02-16,27850,28900,1,1,1,1,0,1,1
2016-02-17,29250,30050,1,1,1,1,0,1,1
2016-02-18,30550,30200,1,1,1,1,1,1,1
2016-02-19,29950,29600,1,1,1,1,1,1,1
2016-02-22,29400,29900,1,1,1,1,1,1,1
2016-02-23,30100,30400,1,1,1,1,1,1,1
2016-02-24,31050,30900,1,1,1,1,1,1,1
2016-02-25,31400,30800,1,1,1,1,1,1,1
2016-02-26,31000,30800,1,1,1,1,1,1,1
2016-02-29,30800,30000,1,0,1,0,1,1,0
2016-03-02,31050,30950,1,1,1,1,1,1,1
2016-03-03,31550,31950,1,1,1,1,1,1,1
2016-03-04,31800,31900,1,1,1,1,1,1,1
2016-03-07,32150,31900,1,1,1,1,1,1,1
2016-03-08,31200,30500,1,0,1,0,1,1,0
2016-03-09,29900,30550,1,0,1,0,1,1,0
2016-03-10,30550,30300,0,0,1,0,1,0,0
2016-03-11,29900,30700,0,0,1,0,1,0,0
2016-03-14,31100,30350,0,0,1,0,1,0,0
2016-03-15,30350,29900,0,0,0,0,1,0,0
2016-03-16,29900,29200,0,0,0,0,1,0,0
2016-03-17,29350,29250,0,0,0,0,1,0,0
2016-03-18,29500,29450,0,0,0,0,1,0,0
2016-03-21,29800,29550,0,0,0,0,1,0,0
2016-03-22,29700,30200,0,0,0,0,1,0,0
2016-03-23,30100,30250,0,0,0,0,1,0,0
2016-03-24,29850,29450,0,0,0,0,1,0,0
2016-03-25,29450,29150,0,0,0,0,0,0,0
2016-03-28,29000,28550,0,0,0,0,0,0,0
2016-03-29,28850,28900,0,0,0,0,0,0,0
2016-03-30,29150,28650,0,0,0,0,0,0,0
2016-03-31,28700,28150,0,0,0,0,0,0,0
2016-04-01,28450,28200,0,0,0,0,0,0,0
2016-04-04,28100,27900,0,0,0,0,0,0,0
2016-04-05,27900,27850,0,1,0,0,0,0,1
2016-04-06,27550,27500,0,0,0,0,0,0,0
2016-04-07,27450,26900,0,0,0,0,0,0,0
2016-04-08,26950,27800,0,1,0,0,0,0,1
2016-04-11,27600,27150,0,0,0,0,0,0,0
2016-04-12,27200,27150,0,0,0,0,0,0,0
2016-04-14,27600,27250,0,0,0,0,0,0,0
2016-04-15,27450,27650,0,1,0,0,0,0,1
2016-04-18,28000,27200,0,1,0,0,0,0,1
2016-04-19,27500,27450,0,1,0,0,0,0,1
2016-04-20,27500,27550,1,1,0,0,0,1,1
2016-04-21,27700,27550,1,1,0,0,0,1,1
2016-04-22,27450,27500,1,1,0,0,0,1,1
2016-04-25,27650,27500,1,1,0,0,0,1,1
2016-04-26,27550,29150,1,1,1,1,0,1,1
2016-04-27,29300,29150,1,1,1,1,0,1,1
2016-04-28,29100,27900,1,1,1,0,0,1,1
2016-04-29,27700,28150,1,1,1,0,0,1,1
2016-05-02,27950,27850,1,1,1,0,0,1,1
2016-05-03,27950,27650,1,1,1,0,0,1,1
2016-05-04,27450,26650,1,0,0,0,0,1,0
2016-05-09,26150,25750,0,0,0,0,0,0,0
2016-05-10,25750,26400,0,0,0,0,0,0,0
2016-05-11,26500,26200,0,0,0,0,0,0,0
2016-05-12,26050,26100,0,0,0,0,0,0,0
2016-05-13,26100,26100,0,0,0,0,0,0,0
2016-05-16,26100,26100,0,0,0,0,0,0,0
2016-05-17,26250,25900,0,0,0,0,0,0,0
2016-05-18,25800,26200,0,0,0,0,0,0,0
2016-05-19,26750,26600,0,0,0,0,0,0,0
2016-05-20,26600,26300,0,0,0,0,0,0,0
2016-05-23,26800,27200,1,1,0,0,0,1,1
2016-05-24,27350,26850,1,1,0,0,0,1,1
2016-05-25,27450,27050,1,1,0,0,0,1,1
2016-05-26,27150,27000,1,1,1,1,0,1,1
2016-05-27,27200,28650,1,1,1,1,0,1,1
2016-05-30,28850,29000,1,1,1,1,1,1,1
2016-05-31,28650,28700,1,1,1,1,1,1,1
2016-06-01,28850,28500,1,1,1,1,1,1,1
2016-06-02,28600,28050,1,1,1,0,1,1,1
2016-06-03,28150,27600,1,0,1,0,1,1,0
2016-06-07,27700,28650,1,1,1,1,1,1,1
2016-06-08,29050,28550,1,1,1,1,1,1,1
2016-06-09,28700,29000,1,1,1,1,1,1,1
2016-06-10,29150,29000,1,1,1,1,1,1,1
2016-06-13,28650,28350,1,0,1,0,1,1,0
2016-06-14,28150,29050,1,1,1,1,1,1,1
2016-06-15,29350,29950,1,1,1,1,1,1,1
2016-06-16,30250,29650,1,1,1,1,1,1,1
2016-06-17,30000,29000,1,0,1,0,1,1,0
2016-06-20,29800,30050,1,0,1,1,1,1,0
2016-06-21,30050,29800,1,0,1,1,1,1,0
2016-06-22,30200,30950,1,1,1,1,1,1,1
2016-06-23,30900,31750,1,1,1,1,1,1,1
2016-06-24,32800,31800,1,1,1,1,1,1,1
2016-06-27,31350,32050,1,1,1,1,1,1,1
2016-06-28,31150,31150,1,0,1,0,1,1,0
2016-06-29,31800,31800,1,0,1,1,1,1,0
2016-06-30,32000,32400,1,1,1,1,1,1,1
2016-07-01,31800,32150,1,1,1,1,1,1,1
2016-07-04,32250,32750,1,1,1,1,1,1,1
2016-07-05,32650,31850,1,0,1,0,1,1,0
2016-07-06,31100,30600,0,0,1,0,1,0,0
2016-07-07,30750,30650,0,0,1,0,1,0,0
2016-07-08,30700,31050,0,0,1,0,1,0,0
2016-07-11,31750,32000,0,1,1,1,1,0,1
2016-07-12,32250,32000,0,0,1,1,1,0,0
2016-07-13,32700,32650,0,0,1,1,1,0,0
2016-07-14,32500,33050,1,0,1,1,1,1,0
2016-07-15,33300,32700,1,0,1,1,1,1,0
2016-07-18,32900,32750,1,1,1,1,1,1,1
2016-07-19,32900,32450,0,0,1,0,1,0,0
2016-07-20,32300,32100,0,0,0,0,1,0,0
2016-07-21,32400,32150,0,0,1,0,1,0,0
2016-07-22,32150,32000,0,0,0,0,1,0,0
2016-07-25,32300,32500,0,1,1,1,1,0,1
2016-07-26,32400,32050,0,1,1,0,1,0,1
2016-07-27,32600,33450,0,1,1,1,1,0,1
2016-07-28,33150,33550,0,1,1,1,1,0,1
2016-07-29,33550,34400,1,1,1,1,1,1,1
2016-08-01,34700,34850,1,1,1,1,1,1,1
2016-08-02,34600,33750,1,0,1,0,1,1,0
2016-08-03,33300,33550,1,0,1,0,1,1,0
2016-08-04,33950,33650,1,0,1,0,1,1,0
2016-08-05,34300,34800,1,1,1,1,1,1,1
2016-08-08,35150,34950,1,1,1,1,1,1,1
2016-08-09,34850,35050,1,1,1,1,1,1,1
2016-08-10,34900,33800,1,0,1,0,1,1,0
2016-08-11,33700,34800,1,1,1,1,1,1,1
2016-08-12,34450,34350,0,0,1,0,1,0,0
2016-08-16,34950,33700,0,0,1,0,1,0,0
2016-08-17,33750,33550,0,0,1,0,1,0,0
2016-08-18,33550,34150,0,0,1,1,1,0,0
2016-08-19,34400,35400,0,0,1,1,1,0,0
2016-08-22,35500,36000,1,0,1,1,1,1,0
2016-08-23,36250,35600,1,1,1,1,1,1,1
2016-08-24,35900,35750,1,1,1,1,1,1,1
2016-08-25,35100,35700,1,1,1,1,1,1,1
2016-08-26,35850,36250,1,0,1,1,1,1,0
2016-08-29,35350,36250,1,0,1,1,1,1,0
2016-08-30,36800,36300,1,0,1,1,1,1,0
2016-08-31,36400,36450,1,1,1,1,1,1,1
2016-09-01,36400,36100,1,0,1,0,1,1,0
2016-09-02,36100,36650,1,1,1,1,1,1,1
2016-09-05,36900,37500,1,1,1,1,1,1,1
2016-09-06,37750,38000,1,1,1,1,1,1,1
2016-09-07,38200,37900,1,1,1,1,1,1,1
2016-09-08,37900,38700,1,1,1,1,1,1,1
2016-09-09,38550,38950,1,1,1,1,1,1,1
2016-09-12,37500,37000,1,0,1,0,1,1,0
2016-09-13,37600,37800,1,0,1,0,1,1,0
2016-09-19,38700,39200,1,0,1,1,1,1,0
2016-09-20,39200,39250,1,0,1,1,1,1,0
2016-09-21,39000,39150,1,0,1,1,1,1,0
2016-09-22,39800,39400,1,0,1,1,1,1,0
2016-09-23,39550,39350,1,0,1,1,1,1,0
2016-09-26,39350,39500,1,1,1,1,1,1,1
2016-09-27,39400,41150,1,1,1,1,1,1,1
2016-09-28,41300,41200,1,1,1,1,1,1,1
2016-09-29,40600,40200,1,0,1,0,1,1,0
2016-09-30,39750,40200,1,0,1,0,1,1,0
2016-10-04,41500,41800,1,0,1,1,1,1,0
2016-10-05,42150,42600,1,1,1,1,1,1,1
2016-10-06,43100,42550,1,1,1,1,1,1,1
2016-10-07,42700,42200,1,1,1,1,1,1,1
2016-10-10,42200,41300,1,0,1,0,1,1,0
2016-10-11,41300,41300,0,0,1,0,1,0,0
2016-10-12,41000,41250,0,0,1,0,1,0,0
2016-10-13,41450,40950,0,0,1,0,1,0,0
2016-10-14,41300,41550,0,0,1,1,1,0,0
2016-10-17,41750,42300,0,1,1,1,1,0,1
2016-10-18,42200,41650,0,0,1,1,1,0,0
2016-10-19,41150,40050,0,0,0,0,1,0,0
2016-10-20,40250,40050,0,0,0,0,1,0,0
2016-10-21,39500,40950,0,0,1,0,1,0,0
2016-10-24,41000,40150,0,0,0,0,1,0,0
2016-10-25,40350,41050,0,0,0,0,1,0,0
2016-10-26,41300,42900,0,1,1,0,1,0,1
2016-10-27,42900,43000,0,1,1,1,1,0,1
2016-10-28,42700,42450,0,1,1,1,1,0,1
2016-10-31,42500,41000,0,0,0,0,1,0,0
2016-11-01,41700,42000,0,1,1,0,1,0,1
2016-11-02,41250,41000,0,0,1,0,1,0,0
2016-11-03,40900,41150,0,0,0,0,1,0,0
2016-11-04,41150,41200,0,0,0,0,1,0,0
2016-11-07,41800,41500,0,0,0,0,1,0,0
2016-11-08,42100,41500,0,1,1,0,1,0,1
2016-11-09,41650,39650,0,0,0,0,1,0,0
2016-11-10,41000,41000,0,0,1,0,1,0,0
2016-11-11,40000,39850,0,0,0,0,1,0,0
2016-11-14,40000,39700,0,0,0,0,0,0,0
2016-11-15,39700,39700,0,0,0,0,0,0,0
2016-11-16,40450,40850,0,0,0,0,0,0,0
2016-11-17,41500,41900,0,1,0,0,1,0,1
2016-11-18,42300,42000,0,1,1,0,1,0,1
2016-11-21,41800,40750,0,0,0,0,1,0,0
2016-11-22,41250,42700,1,1,1,1,1,1,1
2016-11-23,43000,43050,1,1,1,1,1,1,1
2016-11-24,43350,42650,1,1,1,1,1,1,1
2016-11-25,43050,42600,1,1,1,1,1,1,1
2016-11-28,42400,42600,1,1,1,0,1,1,1
2016-11-29,42400,42400,1,1,1,0,1,1,1
2016-11-30,42900,42900,1,1,1,1,1,1,1
2016-12-01,43000,44200,1,1,1,1,1,1,1
2016-12-02,43350,44400,1,1,1,1,1,1,1
2016-12-05,44050,44400,1,1,1,1,1,1,1
2016-12-06,44700,45200,1,1,1,1,1,1,1
2016-12-07,45750,45250,1,1,1,1,1,1,1
2016-12-08,46200,46250,1,1,1,1,1,1,1
2016-12-09,46450,45500,1,1,1,1,1,1,1
2016-12-12,45750,45300,1,0,1,0,1,1,0
2016-12-13,44700,44950,1,0,1,0,1,1,0
2016-12-14,45350,45850,1,1,1,1,1,1,1
2016-12-15,45850,45600,1,1,1,1,1,1,1
2016-12-16,45800,46400,1,1,1,1,1,1,1
2016-12-19,46250,45150,1,0,1,0,1,1,0
2016-12-20,45400,45150,0,0,1,0,1,0,0
2016-12-21,45500,45000,0,0,1,0,1,0,0
2016-12-22,46000,45500,0,0,1,1,1,0,0
2016-12-23,46200,46300,0,0,1,1,1,0,0
2016-12-26,46200,45650,0,0,1,1,1,0,0
2016-12-27,45550,45650,0,0,1,1,1,0,0
2016-12-28,45350,45350,0,0,0,0,1,0,0
2016-12-29,45150,44700,0,0,0,0,1,0,0
2017-01-02,44750,45800,0,0,1,0,1,0,0
2017-01-03,46200,47250,0,1,1,1,1,0,1
2017-01-04,47000,46500,0,0,1,1,1,0,0
2017-01-05,47000,46950,1,1,1,1,1,1,1
2017-01-06,47700,48000,1,1,1,1,1,1,1
2017-01-09,48500,49550,1,1,1,1,1,1,1
2017-01-10,49850,49750,1,1,1,1,1,1,1
2017-01-11,50000,51600,1,1,1,1,1,1,1
2017-01-12,51600,50600,1,1,1,1,1,1,1
2017-01-13,49850,50300,1,1,1,0,1,1,1
2017-01-16,50100,49300,1,0,1,0,1,1,0
2017-01-17,49300,49300,1,0,1,0,1,1,0
2017-01-18,48950,48850,1,0,1,0,1,1,0
2017-01-19,49550,49600,0,1,1,1,1,0,1
2017-01-20,49700,49150,0,0,1,0,1,0,0
2017-01-23,49950,50800,0,0,1,1,1,0,0
2017-01-24,51300,51600,1,1,1,1,1,1,1
2017-01-25,52200,51700,1,1,1,1,1,1,1
2017-01-26,52500,53300,1,1,1,1,1,1,1
2017-01-31,53300,53700,1,1,1,1,1,1,1
2017-02-01,54300,54000,1,1,1,1,1,1,1
2017-02-02,53500,52800,1,0,1,0,1,1,0
2017-02-03,52500,53700,1,0,1,1,1,1,0
2017-02-06,54200,53700,1,1,1,1,1,1,1
2017-02-07,53800,53300,1,1,1,0,1,1,1
2017-02-08,53700,54600,1,1,1,1,1,1,1
2017-02-09,53100,52700,0,0,1,0,1,0,0
2017-02-10,52000,50000,0,0,1,0,1,0,0
2017-02-13,49550,50700,0,0,1,0,1,0,0
2017-02-14,51100,48450,0,0,0,0,1,0,0
2017-02-15,48300,47900,0,0,0,0,1,0,0
2017-02-16,48350,49600,0,0,0,0,1,0,0
2017-02-17,50400,50400,0,0,0,0,1,0,0
2017-02-20,50900,49900,0,0,0,0,1,0,0
2017-02-21,49950,50900,0,0,0,0,1,0,0
2017-02-22,51600,50600,0,0,0,0,1,0,0
2017-02-23,50000,50200,0,0,0,0,1,0,0
2017-02-24,49850,47500,0,0,0,0,0,0,0
2017-02-27,46850,46000,0,0,0,0,0,0,0
2017-02-28,46600,46700,0,0,0,0,0,0,0
2017-03-02,46850,47700,0,0,0,0,0,0,0
2017-03-03,47650,47100,0,1,0,0,0,0,1
2017-03-06,47600,49350,0,1,0,0,0,0,1
2017-03-07,49100,48800,0,1,1,0,0,0,1
2017-03-08,48800,48000,0,1,1,0,0,0,1
2017-03-09,48200,48000,0,1,0,0,0,0,1
2017-03-10,48100,49200,0,1,0,0,0,0,1
2017-03-13,49550,51000,1,1,1,1,0,1,1
2017-03-14,51800,50300,1,1,0,1,0,1,1
2017-03-15,49350,48800,1,0,0,0,0,1,0
2017-03-16,49350,49150,1,1,0,0,0,1,1
2017-03-17,48400,46750,0,1,0,0,0,0,1
2017-03-20,46950,47600,0,1,1,0,0,0,1
2017-03-21,47900,47550,0,1,1,0,0,0,1
2017-03-22,47000,48650,0,1,1,0,0,0,1
2017-03-23,48950,48450,0,1,1,0,0,0,1
2017-03-24,50000,49500,1,0,1,1,0,1,0
2017-03-27,50000,50700,1,1,1,1,0,1,1
2017-03-28,51200,50800,1,1,1,1,1,1,1
2017-03-29,51000,51300,1,1,1,1,1,1,1
2017-03-30,51100,50900,1,1,1,1,1,1,1
2017-03-31,50800,50500,1,0,0,0,1,1,0
2017-04-03,50800,51800,1,1,1,1,1,1,1
2017-04-04,52100,51000,1,1,1,0,1,1,1
2017-04-05,50600,50300,1,0,1,0,1,1,0
2017-04-06,50300,49400,1,1,1,0,1,1,1
2017-04-07,49450,49800,1,1,1,0,1,1,1
2017-04-10,49700,49000,0,0,1,0,1,0,0
2017-04-11,48550,48850,0,0,1,0,1,0,0
2017-04-12,48800,49000,0,0,1,0,1,0,0
2017-04-13,49100,49750,0,0,1,0,1,0,0
2017-04-14,49750,49800,0,0,0,0,1,0,0
2017-04-17,50200,49200,0,0,0,0,1,0,0
2017-04-18,49600,50200,0,0,0,0,1,0,0
2017-04-19,50300,49850,0,0,0,0,1,0,0
2017-04-20,49750,51400,1,1,1,0,1,1,1
2017-04-21,51800,52000,1,1,1,1,1,1,1
2017-04-24,52700,52400,1,1,1,1,1,1,1
2017-04-25,52800,52400,1,1,1,1,1,1,1
2017-04-26,53100,53700,1,1,1,1,1,1,1
2017-04-27,53800,53600,1,1,1,1,1,1,1
2017-04-28,53600,54000,1,1,1,1,1,1,1
2017-05-02,55300,55400,1,1,1,1,1,1,1
2017-05-04,55900,55900,1,1,1,1,1,1,1
2017-05-08,56000,56900,1,1,1,1,1,1,1
2017-05-10,57400,55600,1,1,1,1,1,1,1
2017-05-11,56000,56400,1,1,1,1,1,1,1
2017-05-12,56400,55300,1,0,1,0,1,1,0
2017-05-15,55300,55600,1,0,1,0,1,1,0
2017-05-16,56200,55300,1,0,1,0,1,1,0
2017-05-17,55400,54700,1,0,1,0,1,1,0
2017-05-18,53600,55700,0,0,1,1,1,0,0
2017-05-19,55100,54200,0,0,1,0,1,0,0
2017-05-22,54900,56000,0,0,1,1,1,0,0
2017-05-23,56400,55100,0,0,1,0,1,0,0
2017-05-24,55700,55800,0,0,1,1,1,0,0
2017-05-25,56400,55800,0,0,1,1,1,0,0
2017-05-26,56000,57100,0,0,1,1,1,0,0
2017-05-29,57700,57900,1,0,1,1,1,1,0
2017-05-30,58200,57400,1,0,1,1,1,1,0
2017-05-31,57400,57000,1,0,1,0,1,1,0
2017-06-01,56700,56400,0,0,1,0,1,0,0
2017-06-02,56900,57100,0,0,1,0,1,0,0
2017-06-05,57200,56100,0,0,1,0,1,0,0
2017-06-07,55900,56500,0,1,1,0,1,0,1
2017-06-08,56500,56700,0,0,1,1,1,0,0
2017-06-09,56700,58300,0,1,1,1,1,0,1
2017-06-12,57200,57500,0,0,1,1,1,0,0
2017-06-13,57700,58800,1,1,1,1,1,1,1
2017-06-14,59200,59300,1,1,1,1,1,1,1
2017-06-15,59300,60600,1,1,1,1,1,1,1
2017-06-16,61100,60500,1,1,1,1,1,1,1
2017-06-19,61300,62800,1,1,1,1,1,1,1
2017-06-20,64700,64000,1,1,1,1,1,1,1
2017-06-21,63300,64800,1,1,1,1,1,1,1
2017-06-22,66500,65000,1,1,1,1,1,1,1
2017-06-23,64500,65000,1,1,1,1,1,1,1
2017-06-26,65000,67500,1,1,1,1,1,1,1
2017-06-27,68200,69200,1,1,1,1,1,1,1
2017-06-28,68100,67200,1,1,1,1,1,1,1
2017-06-29,67900,68500,1,0,1,1,1,1,0
2017-06-30,67400,67400,1,0,1,0,1,1,0
2017-07-03,66500,66300,1,0,1,0,1,1,0
2017-07-04,65900,65800,1,0,1,0,1,1,0
2017-07-05,65600,68000,1,0,1,1,1,1,0
2017-07-06,69000,68100,0,0,1,1,1,0,0
2017-07-07,67600,66600,0,0,1,0,1,0,0
2017-07-10,67000,67300,0,0,1,1,1,0,0
2017-07-11,67400,69000,0,0,1,1,1,0,0
2017-07-12,68700,68900,0,0,1,1,1,0,0
2017-07-13,69500,70600,0,0,1,1,1,0,0
2017-07-14,71400,71100,1,0,1,1,1,1,0
2017-07-17,71800,71200,1,0,1,1,1,1,0
2017-07-18,70700,70800,1,0,1,1,1,1,0
2017-07-19,71200,71000,0,0,1,1,1,0,0
2017-07-20,71400,71300,0,1,1,1,1,0,1
2017-07-21,70800,71200,0,1,1,1,1,0,1
2017-07-24,71300,73000,0,1,1,1,1,0,1
2017-07-25,72900,70400,0,0,1,0,1,0,0
2017-07-26,69600,66800,0,0,0,0,1,0,0
2017-07-27,66800,68400,0,0,1,0,1,0,0
2017-07-28,67800,64600,0,0,0,0,1,0,0
2017-07-31,63700,66000,0,0,0,0,1,0,0
2017-08-01,65300,65500,0,0,0,0,1,0,0
2017-08-02,67900,68000,0,0,0,0,1,0,0
2017-08-03,67900,65500,0,0,0,0,1,0,0
2017-08-04,65100,64000,0,0,0,0,0,0,0
2017-08-07,64000,64100,0,0,0,0,0,0,0
2017-08-08,64900,66300,0,0,0,0,0,0,0
2017-08-09,65400,64200,0,0,0,0,0,0,0
2017-08-10,63700,64400,0,0,0,0,0,0,0
2017-08-11,62000,61400,0,0,0,0,0,0,0
2017-08-14,63000,65100,0,1,0,0,0,0,1
2017-08-16,67200,66100,0,1,0,0,0,0,1
2017-08-17,66800,66400,0,1,0,0,0,0,1
2017-08-18,64900,67000,0,1,1,0,0,0,1
2017-08-21,67300,67200,1,1,1,1,0,1,1
2017-08-22,67400,68200,1,1,1,1,0,1,1
2017-08-23,69000,68000,1,1,1,1,1,1,1
2017-08-24,68200,68100,1,1,1,1,1,1,1
2017-08-25,68300,68400,1,1,1,1,1,1,1
2017-08-28,68000,67900,1,1,1,0,1,1,1
2017-08-29,67300,67600,1,0,1,0,1,1,0
2017-08-30,68300,68500,1,1,1,1,1,1,1
2017-08-31,68900,68600,1,1,1,1,1,1,1
2017-09-01,69000,68700,1,1,1,1,1,1,1
2017-09-04,66600,68100,1,1,1,0,1,1,1
2017-09-05,68600,69900,1,1,1,1,1,1,1
2017-09-06,69900,71700,1,1,1,1,1,1,1
2017-09-07,71600,71400,1,1,1,1,1,1,1
2017-09-08,72000,72600,1,1,1,1,1,1,1
2017-09-11,73600,73800,1,1,1,1,1,1,1
2017-09-12,74800,74700,1,1,1,1,1,1,1
2017-09-13,75000,75700,1,1,1,1,1,1,1
2017-09-14,76300,76800,1,1,1,1,1,1,1
2017-09-15,76100,77200,1,1,1,1,1,1,1
2017-09-18,78200,79700,1,1,1,1,1,1,1
2017-09-19,80100,79200,1,1,1,1,1,1,1
2017-09-20,79300,80700,1,1,1,1,1,1,1
2017-09-21,81100,83100,1,1,1,1,1,1,1
2017-09-22,82900,83100,1,1,1,1,1,1,1
2017-09-25,83600,86300,1,1,1,1,1,1,1
2017-09-26,84100,82100,1,0,1,0,1,1,0
2017-09-27,83100,82400,1,0,1,0,1,1,0
2017-09-28,84500,83200,1,0,1,0,1,1,0
2017-09-29,83300,82900,1,0,1,0,1,1,0
2017-10-10,86300,88700,1,0,1,1,1,1,0
2017-10-11,89900,89100,1,0,1,1,1,1,0
2017-10-12,89200,88500,1,0,1,1,1,1,0
2017-10-13,88500,86100,1,0,1,0,1,1,0
2017-10-16,86100,84200,0,0,1,0,1,0,0
2017-10-17,85700,83500,0,0,1,0,1,0,0
2017-10-18,83200,80900,0,0,1,0,1,0,0
2017-10-19,79900,79000,0,0,0,0,1,0,0
2017-10-20,79800,81200,0,0,0,0,1,0,0
2017-10-23,82600,84700,0,0,0,0,1,0,0
2017-10-24,84000,81800,0,0,0,0,1,0,0
2017-10-25,82100,81700,0,0,0,0,1,0,0
2017-10-26,80000,78700,0,0,0,0,1,0,0
2017-10-27,78100,78400,0,0,0,0,1,0,0
2017-10-30,79600,79800,0,0,0,0,1,0,0
2017-10-31,80000,82200,0,0,0,0,1,0,0
2017-11-01,86000,85300,0,1,0,0,1,0,1
2017-11-02,85000,83400,0,1,0,0,1,0,1
2017-11-03,83400,84400,0,1,1,0,1,0,1
2017-11-06,83600,83500,0,1,1,0,1,0,1
2017-11-07,82800,82400,0,1,1,0,1,0,1
2017-11-08,82100,83200,0,1,1,0,1,0,1
2017-11-09,83200,82400,0,1,1,0,1,0,1
2017-11-10,81300,82000,0,0,0,0,1,0,0
2017-11-13,82000,82300,0,1,1,0,1,0,1
2017-11-14,83000,83400,0,1,1,1,1,0,1
2017-11-15,83800,82000,0,1,1,0,1,0,1
2017-11-16,82300,82500,0,1,1,1,1,0,1
2017-11-17,83300,83000,0,1,1,1,1,0,1
2017-11-20,83300,82100,0,0,0,0,1,0,0
2017-11-21,83200,85000,0,0,0,1,1,0,0
2017-11-22,86500,86800,1,1,1,1,1,1,1
2017-11-23,86200,84700,1,0,1,1,1,1,0
2017-11-24,84500,85100,1,1,1,1,1,1,1
2017-11-27,86000,83100,1,0,1,0,1,1,0
2017-11-28,82900,82600,0,0,0,0,1,0,0
2017-11-29,82900,82400,0,0,1,0,1,0,0
2017-11-30,77000,76800,0,0,0,0,0,0,0
2017-12-01,77200,77400,0,0,0,0,0,0,0
2017-12-04,77600,79100,0,0,0,0,0,0,0
2017-12-05,77600,77900,0,0,0,0,0,0,0
2017-12-06,78700,77500,0,0,0,0,0,0,0
2017-12-07,78300,76000,0,0,0,0,0,0,0
2017-12-08,77500,78700,0,1,0,0,0,0,1
2017-12-11,79000,78700,0,0,0,0,0,0,0
2017-12-12,79000,77800,0,0,0,0,0,0,0
2017-12-13,77400,76800,0,0,0,0,0,0,0
2017-12-14,77200,76000,0,0,0,0,0,0,0
2017-12-15,77100,75700,0,0,0,0,0,0,0
2017-12-18,76200,77200,0,1,0,0,0,0,1
2017-12-19,78400,80200,1,1,0,0,0,1,1
2017-12-20,80900,80100,1,1,1,0,0,1,1
2017-12-21,80200,77000,1,1,0,0,0,1,1
2017-12-22,76400,76700,1,1,0,0,0,1,1
2017-12-26,76600,74000,0,0,0,0,0,0,0
2017-12-27,75400,75100,0,1,0,0,0,0,1
2017-12-28,75400,76500,0,1,1,0,0,0,1
2018-01-02,77300,76600,0,0,0,0,0,0,0
2018-01-03,78100,77700,1,1,0,0,0,1,1
2018-01-04,78700,77100,1,1,0,0,0,1,1
2018-01-05,78400,79300,1,1,1,1,0,1,1
2018-01-08,79500,78200,1,1,1,1,0,1,1
2018-01-09,78300,76900,1,1,1,0,0,1,1
2018-01-10,76700,72900,0,0,0,0,0,0,0
2018-01-11,73200,72600,0,0,0,0,0,0,0
2018-01-12,73300,74400,0,0,0,0,0,0,0
2018-01-15,73700,72700,0,0,0,0,0,0,0
2018-01-16,72700,74400,0,1,0,0,0,0,1
2018-01-17,74400,74100,0,1,1,0,0,0,1
2018-01-18,75800,75200,0,1,1,0,0,0,1
2018-01-19,75300,73300,0,0,0,0,0,0,0
2018-01-22,72800,71100,0,0,0,0,0,0,0
2018-01-23,71800,71300,0,0,0,0,0,0,0
2018-01-24,71600,72400,0,0,0,0,0,0,0
2018-01-25,73400,75800,1,1,0,0,0,1,1
2018-01-26,76400,75500,1,1,0,0,0,1,1
2018-01-29,76500,75300,1,1,0,0,0,1,1
2018-01-30,74300,73100,1,1,1,0,0,1,1
2018-01-31,72200,73500,1,1,1,0,0,1,1
2018-02-01,74900,74400,1,1,1,1,0,1,1
2018-02-02,74500,72200,1,1,0,0,0,1,1
2018-02-05,70200,70200,0,0,0,0,0,0,0
2018-02-06,69100,70200,0,0,0,0,0,0,0
2018-02-07,73700,71100,0,0,0,0,0,0,0
2018-02-08,71900,73900,1,1,1,0,0,1,1
2018-02-09,72100,73400,1,1,1,0,0,1,1
2018-02-12,73700,74500,1,1,1,0,0,1,1
2018-02-13,75900,77700,1,1,1,1,0,1,1
2018-02-14,78400,77600,1,1,1,1,0,1,1
2018-02-19,78900,76500,1,0,1,1,1,1,0
2018-02-20,76400,75500,1,0,1,0,1,1,0
2018-02-21,75800,76900,1,1,1,1,1,1,1
2018-02-22,76100,75900,1,1,1,0,1,1,1
2018-02-23,76100,77300,1,1,1,1,1,1,1
2018-02-26,78300,77500,1,1,1,1,1,1,1
2018-02-27,78700,78700,1,1,1,1,1,1,1
2018-02-28,78600,76800,1,1,1,0,1,1,1
2018-03-02,76300,77400,1,1,1,0,1,1,1
2018-03-05,77500,78300,1,1,1,1,1,1,1
2018-03-06,80100,82400,1,1,1,1,1,1,1
2018-03-07,83600,82700,1,1,1,1,1,1,1
2018-03-08,83900,83500,1,1,1,1,1,1,1
2018-03-09,84400,83300,1,1,1,1,1,1,1
2018-03-12,84900,84900,1,1,1,1,1,1,1
2018-03-13,88000,90000,1,1,1,1,1,1,1
2018-03-14,89300,90700,1,1,1,1,1,1,1
2018-03-15,90300,89600,1,1,1,1,1,1,1
2018-03-16,88500,89800,1,1,1,1,1,1,1
2018-03-19,90200,89900,1,1,1,0,1,1,1
2018-03-20,88900,89600,1,1,1,0,1,1,1
2018-03-21,89600,88400,1,1,1,0,1,1,1
2018-03-22,88800,88600,1,1,1,0,1,1,1
2018-03-23,85100,83100,0,0,1,0,1,0,0
2018-03-26,82300,84000,0,0,1,0,1,0,0
2018-03-27,84700,81400,0,0,0,0,1,0,0
2018-03-28,79900,80300,0,0,0,0,1,0,0
2018-03-29,80800,80300,0,0,0,0,1,0,0
2018-03-30,81200,81300,0,0,0,0,1,0,0
2018-04-02,81700,81300,0,0,0,0,1,0,0
2018-04-03,80300,81800,0,0,0,0,1,0,0
2018-04-04,82500,80400,0,0,0,0,1,0,0
2018-04-05,82200,82900,0,0,0,0,1,0,0
2018-04-06,80000,80300,0,0,0,0,0,0,0
2018-04-09,80000,80600,0,0,0,0,0,0,0
2018-04-10,80000,80400,0,0,0,0,0,0,0
2018-04-11,82400,81200,0,0,0,0,0,0,0
2018-04-12,81900,84000,0,1,1,0,0,0,1
2018-04-13,85000,84200,0,1,1,0,1,0,1
2018-04-16,84200,84000,1,1,1,0,1,1,1
2018-04-17,83900,82800,1,1,1,0,1,1,1
2018-04-18,84100,84600,1,1,1,1,1,1,1
2018-04-19,85800,87900,1,1,1,1,1,1,1
2018-04-20,85900,84400,1,1,1,0,1,1,1
2018-04-23,83400,84400,1,1,1,0,1,1,1
2018-04-24,83300,82100,1,0,1,0,1,1,0
2018-04-25,81600,82400,0,0,0,0,1,0,0
2018-04-26,83800,86500,1,1,1,1,1,1,1
2018-04-27,88500,87100,1,1,1,1,1,1,1
2018-04-30,85400,84500,1,1,1,0,1,1,1
2018-05-02,85900,83100,1,0,1,0,1,1,0
2018-05-03,83200,82900,0,0,0,0,1,0,0
2018-05-04,83500,83000,0,0,0,0,1,0,0
2018-05-08,84500,83500,0,0,0,0,1,0,0
2018-05-09,84300,83400,0,0,1,0,1,0,0
2018-05-10,85400,85800,0,1,1,0,1,0,1
2018-05-11,86600,86100,1,0,0,1,1,1,0
2018-05-14,86100,85400,1,1,1,1,1,1,1
2018-05-15,86000,84600,1,0,1,0,1,1,0
2018-05-16,85000,87000,1,1,1,1,1,1,1
2018-05-17,88400,86700,1,1,1,1,1,1,1
2018-05-18,87200,87900,1,0,1,1,1,1,0
2018-05-21,88400,89100,1,1,1,1,1,1,1
2018-05-23,91900,95300,1,1,1,1,1,1,1
2018-05-24,95300,94600,1,1,1,1,1,1,1
2018-05-25,94300,95200,1,1,1,1,1,1,1
2018-05-28,94600,94500,1,1,1,1,1,1,1
2018-05-29,94600,94800,1,1,1,0,1,1,1
2018-05-30,94800,95000,1,1,1,1,1,1,1
2018-05-31,94500,93400,1,0,1,0,1,1,0
2018-06-01,90800,91400,1,0,1,0,1,1,0
2018-06-04,91000,89800,0,0,1,0,1,0,0
2018-06-05,89800,91000,0,0,1,0,1,0,0
2018-06-07,92700,90900,0,0,1,0,1,0,0
2018-06-08,91000,88400,0,0,1,0,1,0,0
2018-06-11,88800,89200,0,0,1,0,1,0,0
2018-06-12,89900,88400,0,0,0,0,1,0,0
2018-06-14,88300,86300,0,0,0,0,1,0,0
2018-06-15,87400,87000,0,0,0,0,1,0,0
2018-06-18,86800,84000,0,0,0,0,0,0,0
2018-06-19,84100,84100,0,0,0,0,0,0,0
2018-06-20,85800,87800,0,0,0,0,0,0,0
2018-06-21,88900,88500,0,0,0,0,0,0,0
2018-06-22,87300,89500,0,1,0,0,0,0,1
2018-06-25,88800,84800,0,0,0,0,0,0,0
2018-06-26,82500,84300,0,1,0,0,0,0,1
2018-06-27,85700,85200,0,1,0,0,0,0,1
2018-06-28,83000,83500,0,0,0,0,0,0,0
2018-06-29,83500,85700,0,1,0,0,0,0,1
2018-07-02,85000,83700,0,1,0,0,0,0,1
2018-07-03,85000,86100,0,1,0,0,0,0,1
2018-07-04,87800,85000,0,1,0,0,0,0,1
2018-07-05,85000,86200,0,1,0,0,0,0,1
2018-07-06,86200,85300,0,1,1,0,0,0,1
2018-07-09,85300,87600,1,1,1,0,0,1,1
2018-07-10,88400,87300,1,1,0,1,0,1,1
2018-07-11,86500,86800,1,0,0,1,0,1,0
2018-07-12,86800,85600,1,0,0,0,0,1,0
2018-07-13,86500,88800,1,1,1,1,0,1,1
2018-07-16,88700,89300,1,1,1,1,1,1,1
2018-07-17,90100,88600,1,1,1,1,1,1,1
2018-07-18,89700,89300,1,1,1,1,1,1,1
2018-07-19,90400,90300,1,1,1,1,1,1,1
2018-07-20,89700,87900,1,1,1,0,1,1,1
2018-07-23,86300,81700,0,0,0,0,0,0,0
2018-07-24,82500,83600,0,0,0,0,0,0,0
2018-07-25,83400,80500,0,0,0,0,0,0,0
2018-07-26,81300,83100,0,0,0,0,0,0,0
2018-07-27,83700,86100,0,0,0,0,0,0,0
2018-07-30,86200,85900,0,0,0,0,0,0,0
2018-07-31,85200,86300,0,1,0,0,0,0,1
2018-08-01,85900,85600,0,1,1,0,0,0,1
2018-08-02,85000,83200,0,0,0,0,0,0,0
2018-08-03,84000,83300,0,0,0,0,0,0,0
2018-08-06,82200,79400,0,0,0,0,0,0,0
2018-08-07,80100,80700,0,0,0,0,0,0,0
2018-08-08,81500,79800,0,0,0,0,0,0,0
2018-08-09,80100,78000,0,0,0,0,0,0,0
2018-08-10,77200,75100,0,0,0,0,0,0,0
2018-08-13,74300,75400,0,0,0,0,0,0,0
2018-08-14,75900,75900,0,1,0,0,0,0,1
2018-08-16,73500,74700,0,0,0,0,0,0,0
2018-08-17,74400,74500,0,0,0,0,0,0,0
2018-08-20,74700,74700,0,0,0,0,0,0,0
2018-08-21,74800,78400,0,1,0,0,0,0,1
2018-08-22,79300,79800,1,1,0,0,0,1,1
2018-08-23,80300,81100,1,1,0,0,0,1,1
2018-08-24,80400,81800,1,1,0,0,0,1,1
2018-08-27,82100,83500,1,1,1,1,0,1,1
2018-08-28,84100,82400,1,1,1,1,0,1,1
2018-08-29,82500,82800,1,1,1,1,0,1,1
2018-08-30,82200,82700,1,1,1,1,0,1,1
2018-08-31,81800,83000,1,1,1,1,0,1,1
2018-09-03,82200,80600,1,1,1,0,0,1,1
2018-09-04,80600,81200,1,1,1,0,0,1,1
2018-09-05,80600,80000,1,1,1,0,0,1,1
2018-09-06,78300,78800,1,1,1,0,0,1,1
2018-09-07,74500,75900,0,0,1,0,0,0,0
2018-09-10,75900,76500,0,0,0,0,0,0,0
2018-09-11,76400,76600,0,0,0,0,0,0,0
2018-09-12,76200,75100,0,0,0,0,0,0,0
2018-09-13,74300,74500,0,0,0,0,0,0,0
2018-09-14,76100,77700,0,0,0,0,0,0,0
2018-09-17,78000,77200,0,0,0,0,0,0,0
2018-09-18,76600,78000,0,0,0,0,0,0,0
2018-09-19,79400,78800,1,0,0,0,0,1,0
2018-09-20,78600,79100,1,0,0,0,0,1,0
2018-09-21,77100,76700,1,0,0,0,0,1,0
2018-09-27,75900,75000,0,0,0,0,0,0,0
2018-09-28,75300,73100,0,0,0,0,0,0,0
2018-10-01,74300,73700,0,0,0,0,0,0,0
2018-10-02,73600,71700,0,1,0,0,0,0,1
2018-10-04,71700,70000,0,0,0,0,0,0,0
2018-10-05,69700,70300,0,0,0,0,0,0,0
2018-10-08,69500,71200,0,1,0,0,0,0,1
2018-10-10,70300,70300,0,1,0,0,0,0,1
2018-10-11,67600,69000,0,0,0,0,0,0,0
2018-10-12,69200,72400,0,1,0,0,0,0,1
2018-10-15,71600,70300,0,0,0,0,0,0,0
2018-10-16,70300,69700,0,0,0,0,0,0,0
2018-10-17,71400,70400,0,0,0,0,0,0,0
2018-10-18,69600,68700,0,0,0,0,0,0,0
2018-10-19,68100,70800,1,1,0,0,0,1,1
2018-10-22,69600,70000,1,1,0,0,0,1,1
2018-10-23,69600,69100,1,1,0,0,0,1,1
2018-10-24,69400,66700,0,1,0,0,0,0,1
2018-10-25,64700,64700,0,1,0,0,0,0,1
2018-10-26,65100,67000,0,1,0,0,0,0,1
2018-10-29,66600,66800,0,1,0,0,0,0,1
2018-10-30,66000,68200,1,1,0,0,0,1,1
2018-10-31,69300,68200,1,1,0,0,0,1,1
2018-11-01,68900,68300,1,0,0,0,0,1,0
2018-11-02,70600,72600,1,1,1,0,0,1,1
2018-11-05,72000,70500,1,1,1,1,0,1,1
2018-11-06,70500,70100,1,1,0,1,0,1,1
2018-11-07,70400,70800,1,1,1,1,0,1,1
2018-11-08,72900,72900,1,1,1,1,0,1,1
2018-11-09,72400,72900,1,1,1,1,0,1,1
2018-11-12,72200,74500,1,1,1,1,0,1,1
2018-11-13,72300,71900,1,1,1,0,1,1,1
2018-11-14,71400,70400,1,1,1,0,0,1,1
2018-11-15,70800,71800,1,1,1,0,1,1,1
2018-11-16,72600,70100,1,0,1,0,0,1,0
2018-11-19,69600,69800,1,0,1,0,0,1,0
2018-11-20,67000,67500,0,0,0,0,0,0,0
2018-11-21,66900,68100,0,0,0,0,0,0,0
2018-11-22,68100,69300,0,0,0,0,0,0,0
2018-11-23,69500,69300,0,0,0,0,0,0,0
2018-11-26,69200,70900,1,1,1,0,0,1,1
2018-11-27,71100,70800,1,0,1,0,0,1,0
2018-11-28,71000,71900,1,0,0,0,0,1,0
2018-11-29,73700,71500,1,0,0,1,0,1,0
2018-11-30,71500,69600,1,0,0,0,0,1,0
2018-12-03,71000,70500,1,0,0,0,0,1,0
2018-12-04,69900,69000,1,0,0,0,0,1,0
2018-12-05,67200,68200,0,0,0,0,0,0,0
2018-12-06,67800,66000,0,0,0,0,0,0,0
2018-12-07,66700,66800,0,0,0,0,0,0,0
2018-12-10,65900,65500,0,1,0,0,0,0,1
2018-12-11,66000,64900,0,0,0,0,0,0,0
2018-12-12,65000,66200,0,0,0,0,0,0,0
2018-12-13,66300,65500,0,0,0,0,0,0,0
2018-12-14,65200,61800,0,0,0,0,0,0,0
2018-12-17,61600,62200,0,0,0,0,0,0,0
2018-12-18,61000,61100,0,0,0,0,0,0,0
2018-12-19,60800,60300,0,0,0,0,0,0,0
2018-12-20,59300,58600,0,0,0,0,0,0,0
2018-12-21,58200,60000,0,0,0,0,0,0,0
2018-12-24,59600,60400,0,0,0,0,0,0,0
2018-12-26,59400,60100,0,0,0,0,0,0,0
2018-12-27,61600,61600,0,1,0,0,0,0,1
2018-12-28,61700,60500,0,1,0,0,0,0,1
2019-01-02,61300,60600,0,1,0,0,0,0,1
2019-01-03,60200,57700,0,0,0,0,0,0,0
2019-01-04,57500,58300,0,0,0,0,0,0,0
2019-01-07,59000,58700,0,1,0,0,0,0,1
2019-01-08,57900,59200,1,1,0,0,0,1,1
2019-01-09,59600,63600,1,1,1,0,0,1,1
2019-01-10,64100,65300,1,1,1,0,0,1,1
2019-01-11,65400,65100,1,1,1,1,0,1,1
2019-01-14,64300,62100,1,1,1,0,0,1,1
2019-01-15,62200,64000,1,1,1,0,0,1,1
2019-01-16,63800,64800,1,1,1,1,0,1,1
2019-01-17,65500,64900,1,1,1,1,0,1,1
2019-01-18,65000,64600,1,1,1,1,0,1,1
2019-01-21,65900,67000,1,1,1,1,1,1,1
2019-01-22,67900,66600,1,1,1,1,1,1,1
2019-01-23,65500,66800,1,1,1,1,1,1,1
2019-01-24,66900,70500,1,1,1,1,1,1,1
2019-01-25,71600,74600,1,1,1,1,1,1,1
2019-01-28,74700,71800,1,1,1,1,1,1,1
2019-01-29,71400,73400,1,1,1,1,1,1,1
2019-01-30,73500,75900,1,1,1,1,1,1,1
2019-01-31,76900,73900,1,0,1,0,1,1,0
2019-02-01,75400,75900,1,1,1,1,1,1,1
2019-02-07,77500,76700,1,1,1,1,1,1,1
2019-02-08,75200,73500,1,0,1,0,1,1,0
2019-02-11,73000,74100,1,0,1,0,1,1,0
2019-02-12,74100,75900,1,0,1,1,1,1,0
2019-02-13,77300,76200,1,0,1,1,1,1,0
2019-02-14,75800,77400,1,1,1,1,1,1,1
2019-02-15,76800,73800,1,0,1,0,1,1,0
2019-02-18,74300,74700,0,0,1,0,1,0,0
2019-02-19,74500,73700,0,0,0,0,1,0,0
2019-02-20,73700,75700,0,0,1,1,1,0,0
2019-02-21,75300,76700,0,0,1,1,1,0,0
2019-02-22,75600,76700,0,0,1,1,1,0,0
2019-02-25,77300,75400,0,0,1,0,1,0,0
2019-02-26,75000,75200,0,0,0,0,1,0,0
2019-02-27,75300,73700,0,0,0,0,1,0,0
2019-02-28,72500,70000,0,0,0,0,1,0,0
2019-03-04,70300,70100,0,0,0,0,1,0,0
2019-03-05,68300,69700,0,0,0,0,1,0,0
2019-03-06,68500,68100,0,0,0,0,1,0,0
2019-03-07,67200,68100,0,0,0,0,0,0,0
2019-03-08,67900,66700,0,0,0,0,0,0,0
2019-03-11,67000,66600,0,0,0,0,0,0,0
2019-03-12,67700,67700,0,0,0,0,0,0,0
2019-03-13,67700,66800,0,0,0,0,0,0,0
2019-03-14,67400,67300,0,0,0,0,0,0,0
2019-03-15,67400,68100,0,0,0,0,0,0,0
2019-03-18,69200,67800,0,0,0,0,0,0,0
2019-03-19,67300,68000,0,0,0,0,0,0,0
2019-03-20,68400,70500,0,1,0,0,0,0,1
2019-03-21,73500,75900,1,1,1,0,0,1,1
2019-03-22,78900,76100,1,1,1,1,1,1,1
2019-03-25,73700,72900,1,1,1,1,1,1,1
2019-03-26,72900,72700,1,1,1,0,1,1,1
2019-03-27,71800,73400,1,1,1,0,1,1,1
2019-03-28,72300,72300,1,1,1,0,1,1,1
2019-03-29,72900,74200,1,1,1,1,1,1,1
2019-04-01,75600,76600,1,1,1,1,1,1,1
2019-04-02,77900,76400,1,1,1,1,1,1,1
2019-04-03,76800,79900,1,1,1,1,1,1,1
2019-04-04,80400,78400,1,1,1,1,1,1,1
2019-04-05,78200,79000,1,1,1,1,1,1,1
2019-04-08,78900,77900,1,1,1,0,1,1,1
2019-04-09,77700,77800,1,0,1,0,1,1,0
2019-04-10,76700,78600,1,0,1,1,1,1,0
2019-04-11,79200,78400,1,0,1,1,1,1,0
2019-04-12,77400,78100,1,1,1,0,1,1,1
2019-04-15,79000,79700,1,1,1,1,1,1,1
2019-04-16,79900,80400,1,1,1,1,1,1,1
2019-04-17,81000,80200,1,1,1,1,1,1,1
2019-04-18,80800,79200,1,0,1,0,1,1,0
2019-04-19,80500,81800,1,0,1,1,1,1,0
2019-04-22,81500,80500,1,0,1,1,1,1,0
2019-04-23,81000,81000,1,0,1,1,1,1,0
2019-04-24,81500,78500,0,0,1,0,1,0,0
2019-04-25,78400,80200,0,0,1,0,1,0,0
2019-04-26,78500,78600,0,0,1,0,1,0,0
2019-04-29,78700,80000,0,0,1,1,1,0,0
2019-04-30,79400,79000,0,0,1,0,1,0,0
2019-05-02,79700,80700,0,0,1,1,1,0,0
2019-05-03,81100,80400,0,0,1,1,1,0,0
2019-05-07,79200,79900,0,0,1,0,1,0,0
2019-05-08,78700,80300,0,0,0,1,1,0,0
2019-05-09,79600,76000,0,0,0,0,1,0,0
2019-05-10,76100,74400,0,0,0,0,1,0,0
2019-05-13,73900,73500,0,0,0,0,0,0,0
2019-05-14,72200,74600,0,0,0,0,0,0,0
2019-05-15,74800,74500,0,0,0,0,0,0,0
2019-05-16,74400,71900,0,0,0,0,0,0,0
2019-05-17,72500,71600,0,0,0,0,0,0,0
2019-05-20,71800,70900,0,0,0,0,0,0,0
2019-05-21,70500,70300,0,0,0,0,0,0,0
2019-05-22,71300,68900,0,0,0,0,0,0,0
2019-05-23,68400,68000,0,0,0,0,0,0,0
2019-05-24,67300,67600,0,0,0,0,0,0,0
2019-05-27,67900,66900,0,0,0,0,0,0,0
2019-05-28,67200,65900,0,0,0,0,0,0,0
2019-05-29,65600,66100,0,0,0,0,0,0,0
2019-05-30,66300,65900,0,0,0,0,0,0,0
2019-05-31,65900,65300,0,0,0,0,0,0,0
2019-06-03,65200,66600,0,0,0,0,0,0,0
2019-06-04,66500,65100,0,0,0,0,0,0,0
2019-06-05,66900,65100,0,1,0,0,0,0,1
2019-06-07,65200,65400,0,1,0,0,0,0,1
2019-06-10,66100,66800,1,1,0,0,0,1,1
2019-06-11,66900,67200,1,1,0,0,0,1,1
2019-06-12,66800,65700,1,1,0,0,0,1,1
2019-06-13,64900,63500,1,1,0,0,0,1,1
2019-06-14,63200,63100,1,1,0,0,0,1,1
2019-06-17,62800,63700,1,1,0,0,0,1,1
2019-06-18,63800,63400,1,1,0,0,0,1,1
2019-06-19,65800,67200,1,1,1,0,0,1,1
2019-06-20,67200,67300,1,1,1,0,0,1,1
2019-06-21,67100,65900,1,1,1,0,0,1,1
2019-06-24,65900,66900,1,1,1,1,0,1,1
2019-06-25,66700,66700,1,1,1,0,0,1,1
2019-06-26,68300,68900,1,1,1,1,0,1,1
2019-06-27,70100,70200,1,1,1,1,0,1,1
2019-06-28,70900,69500,1,1,1,1,0,1,1
2019-07-01,71000,70000,1,1,1,1,0,1,1
2019-07-02,69700,71400,1,1,1,1,1,1,1
2019-07-03,71100,69100,1,1,1,0,1,1,1
2019-07-04,69600,70200,1,1,1,1,1,1,1
2019-07-05,70300,68400,1,1,1,0,1,1,1
2019-07-08,66400,67400,1,0,1,0,1,1,0
2019-07-09,68400,69800,1,0,1,1,1,1,0
2019-07-10,71500,72900,1,1,1,1,1,1,1
2019-07-11,74000,75500,1,1,1,1,1,1,1
2019-07-12,75600,74700,1,1,1,1,1,1,1
2019-07-15,74500,76200,1,1,1,1,1,1,1
2019-07-16,74800,76100,1,1,1,1,1,1,1
2019-07-17,74600,74600,1,0,1,0,1,1,0
2019-07-18,74300,74700,1,0,1,0,1,1,0
2019-07-19,75900,76800,1,1,1,1,1,1,1
2019-07-22,77800,78400,1,1,1,1,1,1,1
2019-07-23,79700,78800,1,1,1,1,1,1,1
2019-07-24,78800,77600,1,1,1,1,1,1,1
2019-07-25,79700,79200,1,1,1,1,1,1,1
2019-07-26,78100,79800,1,1,1,1,1,1,1
2019-07-29,79000,77000,1,0,1,0,1,1,0
2019-07-30,78200,78900,1,0,1,1,1,1,0
2019-07-31,78000,76900,1,0,1,0,1,1,0
2019-08-01,75300,77700,0,0,1,0,1,0,0
2019-08-02,75400,76100,0,0,0,0,1,0,0
2019-08-05,75500,75400,0,0,0,0,1,0,0
2019-08-06,73100,72000,0,0,0,0,1,0,0
2019-08-07,72000,73300,0,0,0,0,1,0,0
2019-08-08,73600,72300,0,0,0,0,1,0,0
2019-08-09,73200,73300,0,0,0,0,1,0,0
2019-08-12,73700,74500,0,0,0,0,1,0,0
2019-08-13,74000,74500,0,0,0,0,1,0,0
2019-08-14,77200,76900,0,0,0,0,1,0,0
2019-08-16,75800,76400,0,0,0,0,1,0,0
2019-08-19,77300,75100,0,1,0,0,1,0,1
2019-08-20,75500,76400,0,0,0,0,1,0,0
2019-08-21,75900,75800,0,1,0,0,1,0,1
2019-08-22,75300,73800,0,0,0,0,1,0,0
2019-08-23,73500,74400,0,1,0,0,1,0,1
2019-08-26,72600,71800,0,0,0,0,0,0,0
2019-08-27,72500,73000,0,1,1,0,0,0,1
2019-08-28,73500,73300,0,1,1,0,0,0,1
2019-08-29,73500,73300,0,1,1,0,0,0,1
2019-08-30,74600,77400,0,1,1,0,1,0,1
2019-09-02,77000,77600,1,1,1,1,1,1,1
2019-09-03,77200,77000,1,1,1,1,1,1,1
2019-09-04,77400,80000,1,1,1,1,1,1,1
2019-09-05,81400,83000,1,1,1,1,1,1,1
2019-09-06,84000,81900,1,1,1,1,1,1,1
2019-09-09,83100,84300,1,1,1,1,1,1,1
2019-09-10,84200,83100,1,1,1,1,1,1,1
2019-09-11,83400,82600,1,1,1,0,1,1,1
2019-09-16,81000,79500,1,0,1,0,1,1,0
2019-09-17,80000,79400,1,1,1,0,1,1,1
2019-09-18,80100,80200,1,1,1,0,1,1,1
2019-09-19,80600,82700,1,1,1,1,1,1,1
2019-09-20,82800,82200,1,1,1,1,1,1,1
2019-09-23,81900,82800,1,0,1,1,1,1,0
2019-09-24,82500,83400,1,0,1,1,1,1,0
2019-09-25,82200,81900,1,0,1,0,1,1,0
2019-09-26,83000,83300,1,0,1,1,1,1,0
2019-09-27,80200,81400,0,0,0,0,1,0,0
2019-09-30,80600,82200,0,0,1,0,1,0,0
2019-10-01,81800,82000,0,0,0,0,1,0,0
2019-10-02,81600,79500,0,0,0,0,1,0,0
2019-10-04,78900,80300,0,0,0,0,1,0,0
2019-10-07,80700,80300,0,1,1,0,1,0,1
2019-10-08,80400,80900,0,1,1,0,1,0,1
2019-10-10,78900,79000,0,0,0,0,1,0,0
2019-10-11,79800,80000,0,0,0,0,1,0,0
2019-10-14,82000,80500,0,0,0,0,1,0,0
2019-10-15,80700,81200,0,0,0,0,1,0,0
2019-10-16,82400,82400,0,0,0,0,1,0,0
2019-10-17,82000,81000,0,1,0,0,1,0,1
2019-10-18,81500,77400,0,0,0,0,1,0,0
2019-10-21,77800,77500,0,0,0,0,0,0,0
2019-10-22,78900,79100,0,0,0,0,0,0,0
2019-10-23,78500,77700,0,0,0,0,0,0,0
2019-10-24,79900,80000,0,1,1,0,0,0,1
2019-10-25,82400,82900,0,1,1,0,1,0,1
2019-10-28,83400,82900,1,1,1,1,1,1,1
2019-10-29,84000,83000,1,1,1,1,1,1,1
2019-10-30,83400,81500,1,1,1,0,1,1,1
2019-10-31,81900,82000,1,1,1,0,1,1,1
2019-11-01,82300,83100,1,1,1,1,1,1,1
2019-11-04,84000,84700,1,1,1,1,1,1,1
2019-11-05,85100,85100,1,1,1,1,1,1,1
2019-11-06,84800,83500,1,1,1,0,1,1,1
2019-11-07,83700,83600,1,1,1,0,1,1,1
2019-11-08,84600,82300,1,1,1,0,1,1,1
2019-11-11,82500,81300,0,0,1,0,1,0,0
2019-11-12,81900,83200,0,1,1,1,1,0,1
2019-11-13,83300,83400,0,1,1,1,1,0,1
2019-11-14,83200,83400,0,0,1,1,1,0,0
2019-11-15,84200,85200,1,0,1,1,1,1,0
2019-11-18,86000,85500,1,1,1,1,1,1,1
2019-11-19,85400,85300,1,1,1,1,1,1,1
2019-11-20,84400,82700,1,0,1,0,1,1,0
2019-11-21,81700,80900,0,0,0,0,1,0,0
2019-11-22,80900,81700,0,0,0,0,1,0,0
2019-11-25,82300,81700,0,0,0,0,1,0,0
2019-11-26,82000,82300,0,0,0,0,1,0,0
2019-11-27,82400,82700,0,0,0,0,1,0,0
2019-11-28,83100,82800,0,1,1,0,1,0,1
2019-11-29,82500,80900,0,0,0,0,1,0,0
2019-12-02,80900,80500,0,0,0,0,0,0,0
2019-12-03,78100,78700,0,0,0,0,0,0,0
2019-12-04,78000,77700,0,0,0,0,0,0,0
2019-12-05,79800,78800,0,0,0,0,0,0,0
2019-12-06,79300,80600,0,0,0,0,0,0,0
2019-12-09,81300,80700,0,0,0,0,0,0,0
2019-12-10,79800,80700,0,1,0,0,0,0,1
2019-12-11,80700,80600,0,1,0,0,0,0,1
2019-12-12,82000,83400,1,1,1,0,0,1,1
2019-12-13,87200,87900,1,1,1,1,1,1,1
2019-12-16,87200,88600,1,1,1,1,1,1,1
2019-12-17,91000,92800,1,1,1,1,1,1,1
2019-12-18,93400,93000,1,1,1,1,1,1,1
2019-12-19,95400,93600,1,1,1,1,1,1,1
2019-12-20,94100,95000,1,1,1,1,1,1,1
2019-12-23,95800,94600,1,1,1,1,1,1,1
2019-12-24,95000,93800,1,1,1,0,1,1,1
2019-12-26,94000,94800,1,1,1,1,1,1,1
2019-12-27,94800,96000,1,1,1,1,1,1,1
2019-12-30,95600,94100,1,1,1,0,1,1,1
2020-01-02,96000,94700,1,1,1,1,1,1,1
2020-01-03,96500,94500,1,1,1,0,1,1,1
2020-01-06,93000,94300,1,0,1,0,1,1,0
2020-01-07,94500,94000,1,0,1,0,1,1,0
2020-01-08,96400,97400,1,0,1,1,1,1,0
2020-01-09,98900,99000,1,0,1,1,1,1,0
2020-01-10,99100,98900,1,0,1,1,1,1,0
2020-01-13,99000,100500,1,0,1,1,1,1,0
2020-01-14,101500,100500,1,0,1,1,1,1,0
2020-01-15,99900,98200,1,0,1,0,1,1,0
2020-01-16,97400,99200,1,0,1,0,1,1,0
2020-01-17,100500,99000,0,0,1,0,1,0,0
2020-01-20,100000,99900,0,0,1,1,1,0,0
2020-01-21,100500,99300,0,1,1,1,1,0,1
2020-01-22,99000,101000,0,1,1,1,1,0,1
2020-01-23,101000,98700,0,0,1,0,1,0,0
2020-01-28,95500,96300,0,0,1,0,1,0,0
2020-01-29,96900,97900,0,0,1,0,1,0,0
2020-01-30,97800,94000,0,0,0,0,1,0,0
2020-01-31,94500,93500,0,0,0,0,1,0,0
2020-02-03,91800,94700,0,0,0,0,1,0,0
2020-02-04,94800,97100,0,0,0,0,1,0,0
2020-02-05,99300,97700,0,0,0,0,1,0,0
2020-02-06,98900,100500,0,1,1,0,1,0,1
2020-02-07,100000,99300,0,1,1,0,1,0,1
2020-02-10,98000,98800,0,0,0,1,1,0,0
2020-02-11,99900,99800,0,0,0,1,1,0,0
2020-02-12,100500,100000,0,1,1,1,1,0,1
2020-02-13,101000,102000,1,1,1,1,1,1,1
2020-02-14,101500,104500,1,1,1,1,1,1,1
2020-02-17,104500,105000,1,1,1,1,1,1,1
2020-02-18,104000,102000,1,1,1,0,1,1,1
2020-02-19,102500,103500,1,1,1,1,1,1,1
2020-02-20,104500,104000,1,1,1,1,1,1,1
2020-02-21,101500,103000,1,1,1,0,1,1,1
2020-02-24,100500,99500,0,0,1,0,1,0,0
2020-02-25,97800,98000,0,0,1,0,1,0,0
2020-02-26,95500,94600,0,0,0,0,1,0,0
2020-02-27,94700,92800,0,0,0,0,1,0,0
2020-02-28,91000,87900,0,0,0,0,0,0,0
2020-03-02,90000,92100,0,0,0,0,0,0,0
2020-03-03,95000,92800,0,0,0,0,0,0,0
2020-03-04,91300,94300,0,0,0,0,0,0,0
2020-03-05,95200,94900,0,0,0,0,0,0,0
2020-03-06,93300,92600,0,0,0,0,0,0,0
2020-03-09,89500,86900,0,0,0,0,0,0,0
2020-03-10,86900,89100,0,0,0,0,0,0,0
2020-03-11,88200,85500,0,0,0,0,0,0,0
2020-03-12,83800,82800,0,0,0,0,0,0,0
2020-03-13,76900,82500,0,0,0,0,0,0,0
2020-03-16,83700,80600,0,0,0,0,0,0,0
2020-03-17,77500,80400,0,0,0,0,0,0,0
2020-03-18,81600,73100,0,0,0,0,0,0,0
2020-03-19,75500,69000,0,0,0,0,0,0,0
2020-03-20,71800,74800,0,1,0,0,0,0,1
2020-03-23,69700,69400,0,0,0,0,0,0,0
2020-03-24,73000,78700,0,1,0,0,0,0,1
2020-03-25,82000,84500,0,1,0,0,0,0,1
2020-03-26,85000,80700,1,1,0,0,0,1,1
2020-03-27,85700,83300,1,1,0,0,0,1,1
2020-03-30,81000,83700,1,1,0,0,0,1,1
2020-03-31,84000,83300,1,1,0,1,0,1,1
2020-04-01,82100,78400,1,1,0,0,0,1,1
2020-04-02,78800,80000,1,1,0,0,0,1,1
2020-04-03,80000,79600,1,1,0,0,0,1,1
2020-04-06,81000,83100,1,1,1,1,0,1,1
2020-04-07,86600,85800,1,1,1,1,0,1,1
2020-04-08,85800,84500,1,1,1,1,0,1,1
2020-04-09,86200,85000,1,1,1,1,0,1,1
2020-04-10,84000,84100,1,1,1,0,0,1,1
2020-04-13,83200,81400,1,0,1,0,0,1,0
2020-04-14,82200,82300,1,0,0,0,0,1,0
2020-04-16,80600,81300,1,0,1,0,0,1,0
2020-04-17,83600,84100,1,0,1,1,0,1,0
2020-04-20,83900,82000,1,0,0,0,0,1,0
2020-04-21,80600,81300,1,0,0,0,0,1,0
2020-04-22,80600,83900,1,1,1,0,0,1,1
2020-04-23,85200,82600,1,1,1,0,0,1,1
2020-04-24,82000,81400,1,1,1,0,0,1,1
2020-04-27,81700,82600,1,0,0,0,0,1,0
2020-04-28,82500,83400,1,0,0,1,0,1,0
2020-04-29,83500,83700,1,0,0,1,0,1,0
2020-05-04,82900,81000,1,0,0,0,0,1,0
2020-05-06,82000,82400,1,0,0,0,0,1,0
2020-05-07,82400,82400,1,1,1,0,0,1,1
2020-05-08,83000,85000,1,1,1,0,0,1,1
2020-05-11,84500,84500,1,1,1,1,0,1,1
2020-05-12,84500,85700,1,1,1,1,1,1,1
2020-05-13,83500,83600,1,1,1,0,1,1,1
2020-05-14,82200,80600,1,0,0,0,0,1,0
2020-05-15,81500,81900,1,0,0,0,0,1,0
2020-05-18,80400,81100,0,0,0,0,0,0,0
2020-05-19,82400,82700,0,1,1,0,0,0,1
2020-05-20,81900,84100,1,1,1,0,0,1,1
2020-05-21,84900,83400,1,0,1,0,0,1,0
2020-05-22,83100,81300,0,0,0,0,0,0,0
2020-05-25,81500,81400,0,1,1,0,0,0,1
2020-05-26,80600,81900,0,0,0,0,0,0,0
2020-05-27,81100,81400,0,0,0,0,0,0,0
2020-05-28,84100,83900,1,0,0,0,0,1,0
2020-05-29,82600,81500,0,0,0,0,0,0,0
2020-06-01,82100,83600,1,0,0,0,0,1,0
2020-06-02,82700,83300,1,1,0,0,0,1,1
2020-06-03,83400,88700,1,1,1,1,1,1,1
2020-06-04,90000,87700,1,1,1,1,1,1,1
2020-06-05,88500,90400,1,1,1,1,1,1,1
2020-06-08,93000,91000,1,1,1,1,1,1,1
2020-06-09,91000,89800,1,1,1,1,1,1,1
2020-06-10,89800,90800,1,1,1,1,1,1,1
2020-06-11,89300,88500,1,1,1,0,1,1,1
2020-06-12,84500,85200,1,0,1,0,1,1,0
2020-06-15,84100,82000,0,0,1,0,1,0,0
2020-06-16,83400,85400,0,0,1,0,1,0,0
2020-06-17,84800,86800,0,0,1,1,1,0,0
2020-06-18,86100,86200,0,1,1,0,1,0,1
2020-06-19,86500,85400,0,0,1,0,1,0,0
2020-06-22,84400,84900,0,0,1,0,1,0,0
2020-06-23,85600,84100,0,0,0,0,1,0,0
2020-06-24,84200,86000,0,0,0,0,1,0,0
2020-06-25,84300,84300,0,0,0,0,1,0,0
2020-06-26,86000,84600,0,0,0,0,1,0,0
2020-06-29,84000,83600,0,0,0,0,0,0,0
2020-06-30,86200,85100,0,0,0,0,0,0,0
2020-07-01,86800,85300,0,0,0,0,0,0,0
2020-07-02,84800,84400,0,1,0,0,0,0,1
2020-07-03,85000,85400,0,1,1,0,0,0,1
2020-07-06,86000,86000,0,1,1,0,1,0,1
2020-07-07,87300,84800,0,0,0,0,1,0,0
2020-07-08,83800,83700,0,0,0,0,0,0,0
2020-07-09,84200,83000,0,0,0,0,0,0,0
2020-07-10,83300,82800,0,0,0,0,0,0,0
2020-07-13,83100,83000,0,1,0,0,0,0,1
2020-07-14,82600,82900,0,0,0,0,0,0,0
2020-07-15,83100,83000,0,1,0,0,0,0,1
2020-07-16,83000,82700,0,0,0,0,0,0,0
2020-07-17,82700,82900,0,1,0,0,0,0,1
2020-07-20,82800,82200,0,0,0,0,0,0,0
2020-07-21,83400,84100,0,1,0,0,0,0,1
2020-07-22,84100,83200,0,1,0,0,0,0,1
2020-07-23,84000,82400,0,0,0,0,0,0,0
2020-07-24,82300,83700,1,0,0,0,0,1,0
2020-07-27,83100,82800,1,0,0,0,0,1,0
2020-07-28,83900,83100,1,1,0,0,0,1,1
2020-07-29,82900,83200,1,1,1,0,0,1,1
2020-07-30,83300,85300,1,1,1,1,0,1,1
2020-07-31,85700,82800,1,1,0,0,0,1,1
2020-08-03,82400,81800,1,0,0,0,0,1,0
2020-08-04,81800,81600,0,0,0,0,0,0,0
2020-08-05,81200,80700,0,0,0,0,0,0,0
2020-08-06,80700,81100,0,0,0,0,0,0,0
2020-08-07,81200,80600,0,0,0,0,0,0,0
2020-08-10,80100,81400,0,0,0,0,0,0,0
2020-08-11,81700,81300,0,0,0,0,0,0,0
2020-08-12,81100,81000,0,1,0,0,0,0,1
2020-08-13,81900,80700,0,0,0,0,0,0,0
2020-08-14,80200,80200,0,0,0,0,0,0,0
2020-08-18,80000,78100,0,0,0,0,0,0,0
2020-08-19,77300,75000,0,0,0,0,0,0,0
2020-08-20,74400,71800,0,0,0,0,0,0,0
2020-08-21,72800,74500,0,0,0,0,0,0,0
2020-08-24,74600,75500,0,1,0,0,0,0,1
2020-08-25,76300,77000,0,1,0,0,0,0,1
2020-08-26,78000,78800,0,1,0,0,0,0,1
2020-08-27,80200,79100,1,1,0,0,0,1,1
2020-08-28,79500,77800,1,1,0,0,0,1,1
2020-08-31,78200,75100,1,0,0,0,0,1,0
2020-09-01,75200,75200,0,0,0,0,0,0,0
2020-09-02,75900,75500,0,1,0,0,0,0,1
2020-09-03,77700,78700,1,1,0,0,0,1,1
2020-09-04,76400,78700,1,1,0,0,0,1,1
2020-09-07,78600,78400,1,1,1,0,0,1,1
2020-09-08,78700,79400,1,1,1,1,0,1,1
2020-09-09,77900,77300,1,1,1,0,0,1,1
2020-09-10,78000,76600,1,1,1,0,0,1,1
2020-09-11,76700,78400,1,1,1,1,0,1,1
2020-09-14,79100,80000,1,1,1,1,0,1,1
2020-09-15,81300,81900,1,1,1,1,0,1,1
2020-09-16,81700,81500,1,1,1,1,1,1,1
2020-09-17,81900,82200,1,1,1,1,1,1,1
2020-09-18,82900,83700,1,1,1,1,1,1,1
2020-09-21,83700,84500,1,1,1,1,1,1,1
2020-09-22,84400,81300,1,1,1,0,1,1,1
2020-09-23,82300,83600,1,0,1,1,1,1,0
2020-09-24,82800,84300,1,1,1,1,1,1,1
2020-09-25,85800,82900,1,0,1,0,1,1,0
2020-09-28,83400,82500,1,0,1,0,1,1,0
2020-09-29,83100,84000,1,1,1,1,1,1,1
2020-10-05,83000,83200,1,1,1,0,1,1,1
2020-10-06,84000,83000,1,0,1,0,1,1,0
2020-10-07,82900,83400,1,0,1,1,1,1,0
2020-10-08,84300,82900,1,0,1,0,1,1,0
2020-10-12,83900,85500,1,1,1,1,1,1,1
2020-10-13,85500,88200,1,1,1,1,1,1,1
2020-10-14,88000,86500,1,0,1,1,1,1,0
2020-10-15,86100,87100,1,0,1,1,1,1,0
2020-10-16,87000,85300,1,1,1,0,1,1,1
2020-10-19,86100,86700,1,0,1,0,1,1,0
2020-10-20,85300,85200,1,0,1,0,1,1,0
2020-10-21,85300,83800,0,0,1,0,1,0,0
2020-10-22,84200,83300,0,0,1,0,1,0,0
2020-10-23,82800,83900,0,0,0,0,1,0,0
2020-10-26,84300,83200,0,0,1,0,1,0,0
2020-10-27,82300,82600,0,0,0,0,1,0,0
2020-10-28,82100,82900,0,0,0,0,1,0,0
2020-10-29,81900,81700,0,0,0,0,1,0,0
2020-10-30,81600,79900,0,0,0,0,0,0,0
2020-11-02,80200,79600,0,0,0,0,0,0,0
2020-11-03,79600,81400,0,0,0,0,0,0,0
2020-11-04,82100,83200,0,0,0,0,0,0,0
2020-11-05,84100,86100,0,1,1,0,1,0,1
2020-11-06,86500,86300,1,1,0,0,1,1,1
2020-11-09,86500,86000,1,1,1,1,1,1,1
2020-11-10,86900,86500,1,1,1,1,1,1,1
2020-11-11,86100,87000,1,1,1,1,1,1,1
2020-11-12,87600,88100,1,1,1,1,1,1,1
2020-11-13,88100,89700,1,1,1,1,1,1,1
2020-11-16,92100,98000,1,1,1,1,1,1,1
2020-11-17,97400,98100,1,1,1,1,1,1,1
2020-11-18,99800,98000,1,1,1,1,1,1,1
2020-11-19,96200,98200,1,1,1,1,1,1,1
2020-11-20,99000,96800,1,1,1,0,1,1,1
2020-11-23,97300,100000,1,1,1,1,1,1,1
2020-11-24,101000,98600,1,1,1,1,1,1,1
2020-11-25,100500,97200,1,0,1,0,1,1,0
2020-11-26,96800,99400,1,0,1,1,1,1,0
2020-11-27,99600,98800,1,0,1,1,1,1,0
2020-11-30,99700,97500,1,0,1,0,1,1,0
2020-12-01,98600,100500,1,0,1,1,1,1,0
2020-12-02,103000,109000,1,1,1,1,1,1,1
2020-12-03,110500,111500,1,1,1,1,1,1,1
2020-12-04,116000,115000,1,0,1,1,1,1,0
2020-12-07,118500,118000,1,1,1,1,1,1,1
2020-12-08,118000,115000,1,0,1,1,1,1,0
2020-12-09,116000,120500,1,0,1,1,1,1,0
2020-12-10,117000,116500,1,0,1,0,1,1,0
2020-12-11,118000,115500,1,0,1,0,1,1,0
2020-12-14,116000,117000,1,0,1,1,1,1,0
2020-12-15,118500,117500,1,1,1,1,1,1,1
2020-12-16,119000,117500,1,0,1,1,1,1,0
2020-12-17,118500,119500,1,1,1,1,1,1,1
2020-12-18,118500,118500,1,1,1,1,1,1,1
2020-12-21,118000,116000,0,0,1,0,1,0,0
2020-12-22,115000,112500,0,0,1,0,1,0,0
2020-12-23,113000,116000,0,0,1,0,1,0,0
2020-12-24,116000,118000,0,0,1,1,1,0,0
2020-12-28,119000,115500,0,0,0,0,1,0,0
2020-12-29,118000,116000,0,0,1,1,1,0,0
2020-12-30,116000,118500,0,0,0,1,1,0,0
2021-01-04,124500,126000,0,1,1,1,1,0,1
2021-01-05,124500,130500,1,1,1,1,1,1,1
2021-01-06,132500,131000,1,1,1,1,1,1,1
2021-01-07,132500,134500,1,1,1,1,1,1,1
2021-01-08,136000,138000,1,1,1,1,1,1,1
2021-01-11,138000,133000,1,0,1,0,1,1,0
2021-01-12,132000,129000,1,0,1,0,1,1,0
2021-01-13,129000,133000,1,1,1,0,1,1,1
2021-01-14,132500,130500,1,1,1,0,1,1,1
2021-01-15,133000,127500,0,0,1,0,1,0,0
2021-01-18,126000,130000,0,0,1,1,1,0,0
2021-01-19,131000,130500,0,1,1,1,1,0,1
2021-01-20,134000,130500,0,1,1,1,1,0,1
2021-01-21,131500,131500,0,0,1,1,1,0,0
2021-01-22,131500,128500,0,0,1,0,1,0,0
2021-01-25,130000,135000,0,0,1,1,1,0,0
2021-01-26,134000,129000,0,0,0,0,1,0,0
2021-01-27,129500,128500,0,0,0,0,1,0,0
2021-01-28,124000,123000,0,0,0,0,1,0,0
2021-01-29,128500,122500,0,0,0,0,1,0,0
2021-02-01,121000,125000,0,0,0,0,1,0,0
2021-02-02,128500,130000,0,0,0,0,1,0,0
2021-02-03,131000,130000,0,1,0,0,1,0,1
2021-02-04,127500,125000,0,0,0,0,1,0,0
2021-02-05,126500,127500,0,0,0,0,1,0,0
2021-02-08,127500,125000,0,0,0,0,1,0,0
2021-02-09,127500,125500,0,0,0,0,1,0,0
2021-02-10,125500,126000,0,0,0,0,1,0,0
2021-02-15,130000,132000,0,1,1,0,1,0,1
2021-02-16,132500,132500,0,0,0,0,1,0,0
2021-02-17,131000,130000,0,1,1,1,1,0,1
2021-02-18,128500,126000,0,0,0,0,1,0,0
2021-02-19,129000,133000,0,1,1,1,1,0,1
2021-02-22,136000,136500,1,1,1,1,1,1,1
2021-02-23,133500,138500,1,1,1,1,1,1,1
2021-02-24,137500,136000,1,1,1,1,1,1,1
2021-02-25,141000,148500,1,1,1,1,1,1,1
2021-02-26,143500,141500,1,1,1,1,1,1,1
2021-03-02,149000,144500,1,1,1,1,1,1,1
2021-03-03,142500,147000,1,1,1,1,1,1,1
2021-03-04,143000,142000,1,1,1,0,1,1,1
2021-03-05,138000,140000,1,0,1,0,1,1,0
2021-03-08,143000,135500,1,0,1,0,1,1,0
2021-03-09,134000,136500,0,0,1,0,1,0,0
2021-03-10,140500,133000,0,0,1,0,1,0,0
2021-03-11,134500,137000,0,1,1,1,1,0,1
2021-03-12,140500,140000,0,0,1,0,1,0,0
2021-03-15,141500,136500,0,0,1,0,1,0,0
2021-03-16,138500,140500,0,0,1,0,1,0,0
2021-03-17,141000,140000,0,0,1,1,1,0,0
2021-03-18,142500,142000,0,0,0,1,1,0,0
2021-03-19,138000,138000,0,0,0,0,1,0,0
2021-03-22,138500,138000,0,0,0,0,1,0,0
2021-03-23,139000,135000,0,0,0,0,1,0,0
2021-03-24,133000,133500,0,0,0,0,1,0,0
2021-03-25,133000,133000,0,0,0,0,1,0,0
2021-03-26,134000,135000,0,1,0,0,1,0,1
2021-03-29,135500,132000,0,0,0,0,1,0,0
2021-03-30,133000,134500,0,1,1,0,0,0,1
2021-03-31,134500,132500,0,0,0,0,0,0,0
2021-04-01,138000,140500,0,1,1,0,1,0,1
2021-04-02,142000,141000,0,1,1,0,1,0,1
2021-04-05,142000,143000,1,1,1,1,1,1,1
2021-04-06,147000,143000,1,1,1,1,1,1,1
2021-04-07,146000,143500,1,1,1,1,1,1,1
2021-04-08,143500,144000,1,1,1,1,1,1,1
2021-04-09,144000,140000,1,1,1,0,1,1,1
2021-04-12,140500,137500,1,1,1,0,1,1,1
2021-04-13,136000,139500,1,1,1,0,1,1,1
2021-04-14,139000,137000,0,1,1,0,1,0,1
2021-04-15,136000,137500,0,0,1,0,1,0,0
2021-04-16,138500,137500,0,1,1,0,1,0,1
2021-04-19,138000,138000,0,1,1,1,1,0,1
2021-04-20,136500,138500,0,1,1,0,1,0,1
2021-04-21,138000,132500,0,0,0,0,0,0,0
2021-04-22,134500,133000,0,0,0,0,0,0,0
2021-04-23,130500,132500,0,0,0,0,0,0,0
2021-04-26,132500,131500,0,0,0,0,0,0,0
2021-04-27,133000,135000,0,0,0,0,0,0,0
2021-04-28,134500,130000,0,0,0,0,0,0,0
2021-04-29,132000,130000,0,0,0,0,0,0,0
2021-04-30,130000,128000,0,0,0,0,0,0,0
2021-05-03,127500,131500,0,1,0,0,0,0,1
2021-05-04,130500,132000,0,1,0,0,0,0,1
2021-05-06,130000,129000,0,0,0,0,0,0,0
2021-05-07,128000,129500,0,1,0,0,0,0,1
2021-05-10,131000,130000,0,1,0,0,0,0,1
2021-05-11,127000,123000,0,0,0,0,0,0,0
2021-05-12,123000,119500,0,0,0,0,0,0,0
2021-05-13,116000,117500,0,0,0,0,0,0,0
2021-05-14,118500,118500,0,0,0,0,0,0,0
2021-05-17,120000,117500,0,0,0,0,0,0,0
2021-05-18,117500,121000,0,0,0,0,0,0,0
2021-05-20,121000,122500,0,1,0,0,0,0,1
2021-05-21,124500,122500,0,1,0,0,0,0,1
2021-05-24,122000,119500,0,1,0,0,0,0,1
2021-05-25,121500,123000,1,1,0,0,0,1,1
2021-05-26,124000,123000,1,1,0,0,0,1,1
2021-05-27,124500,125500,1,1,0,0,0,1,1
2021-05-28,126500,125000,1,1,0,0,0,1,1
2021-05-31,126000,127000,1,1,0,1,0,1,1
2021-06-01,127000,128500,1,1,1,1,0,1,1
2021-06-02,128500,126000,1,1,1,0,0,1,1
2021-06-03,127000,129000,1,1,1,1,0,1,1
2021-06-04,127500,128500,1,1,1,1,0,1,1
2021-06-07,129500,128500,1,1,1,1,0,1,1
2021-06-08,127000,127500,1,1,1,0,0,1,1
2021-06-09,125500,122500,1,0,1,0,0,1,0
2021-06-10,122500,123000,1,0,1,0,0,1,0
2021-06-11,124500,128000,1,1,1,1,0,1,1
2021-06-14,127000,127000,1,0,1,1,0,1,0
2021-06-15,128500,128500,1,1,1,1,0,1,1
2021-06-16,128000,129500,1,0,1,1,1,1,0
2021-06-17,127000,126500,1,0,1,0,1,1,0
2021-06-18,127500,124500,1,0,0,0,0,1,0
2021-06-21,121000,122000,0,0,0,0,0,0,0
2021-06-22,122500,122000,0,0,0,0,0,0,0
2021-06-23,122500,124000,0,0,0,0,0,0,0
2021-06-24,124000,126000,0,0,0,0,0,0,0
2021-06-25,128000,128500,1,1,1,0,0,1,1
2021-06-28,129000,126000,1,0,0,0,0,1,0
2021-06-29,127500,125000,1,1,1,0,0,1,1
2021-06-30,126500,127500,1,1,1,1,0,1,1
2021-07-01,127500,124500,1,0,0,0,0,1,0
2021-07-02,122500,122500,0,0,0,0,0,0,0
2021-07-05,123500,123000,0,0,0,0,0,0,0
2021-07-06,124000,125000,0,0,0,0,0,0,0
2021-07-07,125000,123500,0,0,0,0,0,0,0
2021-07-08,123500,121500,0,0,0,0,0,0,0
2021-07-09,120500,119500,0,1,0,0,0,0,1
2021-07-12,121000,120000,0,1,0,0,0,0,1
2021-07-13,121000,123000,0,1,0,0,0,0,1
2021-07-14,122500,123500,0,0,0,0,0,0,0
2021-07-15,123500,123500,0,0,0,0,0,0,0
2021-07-16,122000,121500,0,0,0,0,0,0,0
2021-07-19,119000,119000,0,0,0,0,0,0,0
2021-07-20,117500,118500,0,0,0,0,0,0,0
2021-07-21,119500,117000,0,0,0,0,0,0,0
2021-07-22,118000,119500,0,1,0,0,0,0,1
2021-07-23,118500,118500,0,1,0,0,0,0,1
2021-07-26,119500,117000,0,0,0,0,0,0,0
2021-07-27,118000,116000,0,0,0,0,0,0,0
2021-07-28,115000,114000,0,0,0,0,0,0,0
2021-07-29,115000,114000,0,0,0,0,0,0,0
2021-07-30,114000,112500,0,0,0,0,0,0,0
2021-08-02,113500,116000,0,0,0,0,0,0,0
2021-08-03,118000,120000,1,1,0,0,0,1,1
2021-08-04,122000,121000,1,1,0,0,0,1,1
2021-08-05,121000,120000,1,1,0,0,0,1,1
2021-08-06,119000,118000,1,1,0,0,0,1,1
2021-08-09,117500,116000,1,1,0,0,0,1,1
2021-08-10,115000,112500,1,0,0,0,0,1,0
2021-08-11,109000,105500,0,0,0,0,0,0,0
2021-08-12,102000,100500,0,0,0,0,0,0,0
2021-08-13,99600,101500,0,0,0,0,0,0,0
2021-08-17,101000,101500,0,0,0,0,0,0,0
2021-08-18,103000,104000,0,1,0,0,0,0,1
2021-08-19,103000,102500,0,1,0,0,0,0,1
2021-08-20,104000,102500,0,1,0,0,0,0,1
2021-08-23,104500,103000,0,0,0,0,0,0,0
2021-08-24,104500,105000,0,0,0,0,0,0,0
2021-08-25,106000,103500,0,0,0,0,0,0,0
2021-08-26,106000,104000,0,0,0,0,0,0,0
2021-08-27,103500,103500,1,0,0,0,0,1,0
2021-08-30,105000,103500,1,0,0,0,0,1,0
2021-08-31,103500,106500,1,1,0,0,0,1,1
2021-09-01,106000,108000,1,1,1,0,0,1,1
2021-09-02,108000,106500,1,1,1,0,0,1,1
2021-09-03,106500,107000,1,1,1,1,0,1,1
2021-09-06,106500,106000,1,1,1,0,0,1,1
2021-09-07,105500,104500,1,1,1,0,0,1,1
2021-09-08,104000,106000,1,1,1,1,0,1,1
2021-09-09,105000,103000,1,0,1,0,0,1,0
2021-09-10,103500,105000,1,1,1,1,0,1,1
2021-09-13,105000,106500,1,1,1,1,0,1,1
2021-09-14,107500,107500,1,1,1,1,0,1,1
2021-09-15,107500,107500,1,1,1,1,0,1,1
2021-09-16,107000,104000,1,0,1,0,0,1,0
2021-09-17,104500,107000,1,1,1,1,0,1,1
2021-09-23,105500,105500,1,0,0,0,0,1,0
2021-09-24,106000,104000,1,0,0,0,0,1,0
2021-09-27,104000,104500,1,0,0,0,0,1,0
2021-09-28,105000,103500,1,0,0,0,0,1,0
2021-09-29,101000,100000,0,0,0,0,0,0,0
2021-09-30,99900,103000,0,1,0,0,0,0,1
2021-10-01,102000,100000,0,0,0,0,0,0,0
2021-10-05,98900,97900,0,0,0,0,0,0,0
2021-10-06,98400,96500,0,0,0,0,0,0,0
2021-10-07,96300,95700,0,0,0,0,0,0,0
2021-10-08,96200,94000,0,0,0,0,0,0,0
2021-10-12,92400,91500,0,0,0,0,0,0,0
2021-10-13,90900,92000,0,0,0,0,0,0,0
2021-10-14,92400,93800,0,0,0,0,0,0,0
2021-10-15,96000,98400,0,1,0,0,0,0,1
2021-10-18,98300,97100,0,1,0,0,0,0,1
2021-10-19,98600,97700,1,1,0,0,0,1,1
2021-10-20,98200,97900,1,1,0,0,0,1,1
2021-10-21,97300,96300,1,1,0,0,0,1,1
2021-10-22,95500,98500,1,1,0,0,0,1,1
2021-10-25,99500,100000,1,1,1,0,0,1,1
2021-10-26,101500,102000,1,1,1,1,0,1,1
2021-10-27,103000,101500,1,1,1,1,0,1,1
2021-10-28,102000,106500,1,1,1,1,0,1,1
2021-10-29,107000,103000,1,1,1,1,0,1,1
2021-11-01,103500,106500,1,1,1,1,1,1,1
2021-11-02,107000,107500,1,1,1,1,1,1,1
2021-11-03,108500,105500,1,1,1,0,1,1,1
2021-11-04,107000,106000,1,1,1,1,1,1,1
2021-11-05,108000,107000,1,1,1,1,1,1,1
2021-11-08,107000,107500,1,1,1,1,1,1,1
2021-11-09,108000,109000,1,1,1,1,1,1,1
2021-11-10,108500,108500,1,1,1,1,1,1,1
2021-11-11,107500,107500,1,1,1,0,1,1,1
2021-11-12,109000,106500,1,0,1,0,1,1,0
2021-11-15,108500,111000,1,0,1,1,1,1,0
2021-11-16,111000,112000,1,1,1,1,1,1,1
2021-11-17,113000,110500,1,0,1,1,1,1,0
2021-11-18,110000,110000,1,1,1,1,1,1,1
2021-11-19,110000,111500,1,0,1,1,1,1,0
2021-11-22,116500,119500,1,1,1,1,1,1,1
2021-11-23,119500,119000,1,1,1,1,1,1,1
2021-11-24,120500,119500,1,1,1,1,1,1,1
2021-11-25,120500,117500,1,0,1,1,1,1,0
2021-11-26,116500,115500,1,0,1,0,1,1,0
2021-11-29,113000,116000,1,0,1,0,1,1,0
2021-11-30,118000,114000,1,0,1,0,1,1,0
2021-12-01,114500,116500,1,0,1,1,1,1,0
2021-12-02,115500,120000,1,1,1,1,1,1,1
2021-12-03,119000,118000,1,0,1,1,1,1,0
2021-12-06,116000,118500,1,0,1,1,1,1,0
2021-12-07,119000,121500,1,1,1,1,1,1,1
2021-12-08,124000,120000,1,1,1,1,1,1,1
2021-12-09,120500,123500,1,1,1,1,1,1,1
2021-12-10,120500,120500,1,0,1,0,1,1,0
2021-12-13,121000,121500,1,0,1,1,1,1,0
2021-12-14,120500,121000,0,0,1,0,1,0,0
2021-12-15,120000,123500,0,1,1,1,1,0,1
2021-12-16,125000,124000,1,1,1,1,1,1,1
2021-12-17,120500,122000,0,0,1,0,1,0,0
2021-12-20,121500,120500,0,1,1,0,1,0,1
2021-12-21,124000,124500,0,1,1,1,1,0,1
2021-12-22,127500,127000,1,1,1,1,1,1,1
2021-12-23,129000,127500,1,1,1,1,1,1,1
2021-12-24,129000,128000,1,1,1,1,1,1,1
2021-12-27,128500,126000,1,0,1,0,1,1,0
2021-12-28,126500,127500,1,1,1,1,1,1,1
2021-12-29,127500,127000,0,0,1,0,1,0,0
2021-12-30,131000,131000,1,1,1,1,1,1,1
2022-01-03,132000,128500,1,0,1,1,1,1,0
2022-01-04,129500,128500,0,1,1,1,1,0,1
2022-01-05,129000,125500,0,0,1,0,1,0,0
2022-01-06,123500,125000,0,0,1,0,1,0,0
2022-01-07,127000,127000,0,0,1,1,1,0,0
2022-01-10,126500,124500,0,0,1,0,1,0,0
2022-01-11,125500,128000,0,0,1,1,1,0,0
2022-01-12,129500,128500,0,0,1,1,1,0,0
2022-01-13,128500,129500,0,0,1,1,1,0,0
2022-01-14,128500,128500,0,0,1,1,1,0,0
2022-01-17,127500,127000,0,0,1,0,1,0,0
2022-01-18,126500,126500,0,0,0,0,1,0,0
2022-01-19,123500,127000,0,0,1,0,1,0,0
2022-01-20,126000,125000,0,0,0,0,1,0,0
2022-01-21,121500,119000,0,0,0,0,1,0,0
2022-01-24,116500,119000,0,0,0,0,1,0,0
2022-01-25,118000,118000,0,0,0,0,0,0,0
2022-01-26,119000,117500,0,0,0,0,0,0,0
2022-01-27,119500,113500,0,0,0,0,0,0,0
2022-01-28,115000,120500,0,1,0,0,0,0,1
2022-02-03,124500,124000,0,1,0,0,0,0,1
2022-02-04,125500,124500,0,1,0,0,0,0,1
2022-02-07,123000,123000,0,0,0,0,0,0,0
2022-02-08,124500,125000,1,1,0,0,0,1,1
2022-02-09,127000,126000,1,1,0,1,0,1,1
2022-02-10,129000,129500,1,1,1,1,1,1,1
2022-02-11,130500,132000,1,1,1,1,1,1,1
2022-02-14,130000,132500,1,1,1,1,1,1,1
2022-02-15,131500,127000,1,1,1,0,1,1,1
2022-02-16,131000,130500,1,1,1,1,1,1,1
2022-02-17,130500,133000,1,1,1,1,1,1,1
2022-02-18,131500,131500,1,1,1,1,1,1,1
2022-02-21,129000,130000,1,1,1,0,1,1,1
2022-02-22,127000,128500,1,1,1,0,1,1,1
2022-02-23,130000,128500,1,0,1,0,1,1,0
2022-02-24,125500,122500,0,0,0,0,1,0,0
2022-02-25,125500,123000,0,0,1,0,1,0,0
2022-02-28,123000,123500,0,0,0,0,1,0,0
2022-03-02,124500,125000,0,0,0,0,1,0,0
2022-03-03,128000,129000,0,0,0,0,1,0,0
2022-03-04,127500,124500,0,0,0,0,1,0,0
2022-03-07,119000,119500,0,0,0,0,0,0,0
2022-03-08,117000,118000,0,0,0,0,0,0,0
2022-03-10,121000,120000,0,0,0,0,0,0,0
2022-03-11,118500,117000,0,0,0,0,0,0,0
2022-03-14,115500,116000,0,0,0,0,0,0,0
2022-03-15,114500,112500,0,0,0,0,0,0,0
2022-03-16,115000,116500,0,0,0,0,0,0,0
2022-03-17,121000,124000,0,1,0,0,0,0,1
2022-03-18,124000,124000,0,1,1,0,0,0,1
2022-03-21,124000,122000,1,1,0,0,0,1,1
2022-03-22,121000,123500,1,1,1,0,0,1,1
2022-03-23,124000,123500,1,1,0,1,0,1,1
2022-03-24,121000,120500,1,0,0,0,0,1,0
2022-03-25,122000,118000,1,0,0,0,0,1,0
2022-03-28,117500,118000,0,1,0,0,0,0,1
2022-03-29,119500,120000,1,1,1,0,0,1,1
2022-03-30,123000,121000,1,1,1,0,0,1,1
2022-03-31,119500,118000,0,1,1,0,0,0,1
2022-04-01,117000,116000,0,1,1,0,0,0,1
2022-04-04,115000,117000,0,1,1,0,0,0,1
2022-04-05,117500,116500,0,0,1,0,0,0,0
2022-04-06,114500,113000,0,0,0,0,0,0,0
2022-04-07,111500,113500,0,0,0,0,0,0,0
2022-04-08,113000,112000,0,0,0,0,0,0,0
2022-04-11,111000,111500,0,0,0,0,0,0,0
2022-04-12,110500,111000,0,0,0,0,0,0,0
2022-04-13,112000,113000,0,0,0,0,0,0,0
2022-04-14,113000,110000,0,0,0,0,0,0,0
2022-04-15,108000,108000,0,0,0,0,0,0,0
2022-04-18,107000,109000,0,0,0,0,0,0,0
2022-04-19,110000,112500,0,1,0,0,0,0,1
2022-04-20,112500,112500,0,1,0,0,0,0,1
2022-04-21,112500,113000,1,1,0,0,0,1,1
2022-04-22,110500,110500,1,1,0,0,0,1,1
2022-04-25,109000,108000,1,0,0,0,0,1,0
2022-04-26,109500,111000,1,1,0,0,0,1,1
2022-04-27,108000,108500,1,1,0,0,0,1,1
2022-04-28,109500,109500,1,1,0,0,0,1,1
2022-04-29,110000,112500,1,1,1,0,0,1,1
2022-05-02,110000,110500,1,1,0,0,0,1,1
2022-05-03,111000,110000,1,1,0,0,0,1,1
2022-05-04,110500,109500,1,1,0,0,0,1,1
2022-05-06,108000,107500,1,1,0,0,0,1,1
2022-05-09,107000,107500,1,1,0,0,0,1,1
2022-05-10,107000,110000,1,0,0,0,0,1,0
2022-05-11,110500,110500,1,1,0,0,0,1,1
2022-05-12,109500,109000,1,0,0,0,0,1,0
2022-05-13,109000,112500,1,1,1,0,0,1,1
2022-05-16,113500,110500,1,1,1,1,0,1,1
2022-05-17,111000,112500,1,1,1,1,0,1,1
2022-05-18,114000,113500,1,1,1,1,0,1,1
2022-05-19,110500,111000,1,1,1,0,0,1,1
2022-05-20,111500,112500,1,0,1,1,0,1,0
2022-05-23,113000,113000,1,1,1,1,0,1,1
2022-05-24,111500,108500,1,0,0,0,0,1,0
2022-05-25,109500,108000,1,0,0,0,0,1,0
2022-05-26,107500,103000,0,0,0,0,0,0,0
2022-05-27,105500,106000,0,0,0,0,0,0,0
2022-05-30,108000,107000,0,0,0,0,0,0,0
2022-05-31,106500,108000,0,0,0,0,0,0,0
2022-06-02,106000,107000,0,0,0,0,0,0,0
2022-06-03,108000,107000,0,0,0,0,0,0,0
2022-06-07,105500,104000,0,0,0,0,0,0,0
2022-06-08,104500,106000,0,0,0,0,0,0,0
2022-06-09,105500,105500,0,0,0,0,0,0,0
2022-06-10,104000,103500,0,0,0,0,0,0,0
2022-06-13,100000,99000,0,0,0,0,0,0,0
2022-06-14,96900,99100,0,0,0,0,0,0,0
2022-06-15,98500,97900,0,0,0,0,0,0,0
2022-06-16,99900,97400,0,0,0,0,0,0,0
2022-06-17,95100,96400,0,1,0,0,0,0,1
2022-06-20,96700,94500,0,0,0,0,0,0,0
2022-06-21,94700,95200,0,0,0,0,0,0,0
2022-06-22,95700,92200,0,0,0,0,0,0,0
2022-06-23,92100,90200,0,0,0,0,0,0,0
2022-06-24,90500,91600,0,0,0,0,0,0,0
2022-06-27,92700,95000,0,1,0,0,0,0,1
2022-06-28,94500,95300,0,1,0,0,0,0,1
2022-06-29,93300,94000,0,1,0,0,0,0,1
2022-06-30,91500,91000,0,0,0,0,0,0,0
2022-07-01,91000,87500,0,1,0,0,0,0,1
2022-07-04,87500,89100,0,1,0,0,0,0,1
2022-07-05,90400,92500,0,1,0,0,0,0,1
2022-07-06,92800,92100,1,1,0,0,0,1,1
2022-07-07,91300,93900,1,1,0,0,0,1,1
2022-07-08,95900,94800,1,1,1,0,0,1,1
2022-07-11,95000,93700,1,1,0,0,0,1,1
2022-07-12,94000,93300,1,1,1,0,0,1,1
2022-07-13,94600,94000,1,1,1,1,0,1,1
2022-07-14,92800,94000,1,1,1,1,0,1,1
2022-07-15,95900,98700,1,1,1,1,0,1,1
2022-07-18,101000,101000,1,1,1,1,0,1,1
2022-07-19,100000,100000,1,1,1,1,0,1,1
2022-07-20,103000,102000,1,1,1,1,0,1,1
2022-07-21,102000,102500,1,1,1,1,1,1,1
2022-07-22,102500,100000,1,1,1,0,1,1,1
2022-07-25,99100,100000,1,1,1,0,1,1,1
2022-07-26,100500,100500,1,1,1,0,1,1,1
2022-07-27,101000,100000,1,0,1,0,1,1,0
2022-07-28,101000,99400,1,0,1,0,1,1,0
2022-07-29,99900,97900,1,0,1,0,1,1,0
2022-08-01,97200,97100,1,0,1,0,1,1,0
2022-08-02,97200,96500,0,0,1,0,1,0,0
2022-08-03,96900,97500,0,0,1,0,1,0,0
2022-08-04,98000,97500,0,0,0,0,1,0,0
2022-08-05,98100,98500,0,0,0,0,1,0,0
2022-08-08,97700,96300,0,0,0,0,0,0,0
2022-08-09,96000,95100,0,0,0,0,0,0,0
2022-08-10,91800,91800,0,0,0,0,0,0,0
2022-08-11,93500,93300,0,0,0,0,0,0,0
2022-08-12,92800,93300,0,0,0,0,0,0,0
2022-08-16,94500,96700,0,1,0,0,0,0,1
2022-08-17,96800,97100,0,1,0,0,0,0,1
2022-08-18,95900,95700,0,1,0,0,0,0,1
2022-08-19,97000,96400,0,1,0,0,0,0,1
2022-08-22,95200,95200,0,1,0,0,0,0,1
2022-08-23,94100,93600,0,1,0,0,0,0,1
2022-08-24,93900,93200,0,0,0,0,0,0,0
2022-08-25,93600,94100,0,1,0,0,0,0,1
2022-08-26,95400,95100,0,1,0,0,0,0,1
2022-08-29,92700,92500,0,0,0,0,0,0,0
2022-08-30,92700,93200,0,1,0,0,0,0,1
2022-08-31,92600,95200,0,1,1,0,0,0,1
2022-09-01,93900,92400,0,1,0,0,0,0,1
2022-09-02,92700,91700,0,1,0,0,0,0,1
2022-09-05,91800,91100,0,0,0,0,0,0,0
2022-09-06,91900,91800,0,0,0,0,0,0,0
2022-09-07,91100,90400,0,0,0,0,0,0,0
2022-09-08,90500,90400,0,0,0,0,0,0,0
2022-09-13,91700,94800,1,1,0,0,0,1,1
2022-09-14,91700,93000,1,1,0,0,0,1,1
2022-09-15,92900,92000,1,1,0,0,0,1,1
2022-09-16,90900,91200,1,0,0,0,0,1,0
2022-09-19,90800,90000,0,0,0,0,0,0,0
2022-09-20,89000,88000,0,0,0,0,0,0,0
2022-09-21,87500,88000,0,0,0,0,0,0,0
2022-09-22,86300,86000,0,0,0,0,0,0,0
2022-09-23,85500,83500,0,0,0,0,0,0,0
2022-09-26,81500,82500,0,0,0,0,0,0,0
2022-09-27,82200,82000,0,0,0,0,0,0,0
2022-09-28,81900,81200,0,0,0,0,0,0,0
2022-09-29,82500,80800,0,0,0,0,0,0,0
2022-09-30,80900,83100,0,1,0,0,0,0,1
2022-10-04,85200,86200,0,0,0,0,0,0,0
2022-10-05,90000,89800,1,1,0,0,0,1,1
2022-10-06,90900,89900,1,1,0,0,0,1,1
2022-10-07,89600,91200,1,1,1,1,0,1,1
2022-10-11,89700,90200,1,1,1,1,0,1,1
2022-10-12,91000,94000,1,1,1,1,0,1,1
2022-10-13,93400,94900,1,1,1,1,1,1,1
2022-10-14,96000,95500,1,1,1,1,1,1,1
2022-10-17,94600,95200,1,1,1,1,1,1,1
2022-10-18,95900,95800,1,1,1,1,1,1,1
2022-10-19,94700,92900,1,1,1,0,1,1,1
2022-10-20,91000,90200,1,1,1,0,1,1,1
2022-10-21,89800,90500,1,1,1,0,1,1,1
2022-10-24,92200,91800,1,1,1,0,1,1,1
2022-10-25,91900,93500,1,0,1,1,1,1,0
2022-10-26,93300,93900,1,0,1,1,1,1,0
2022-10-27,95100,90000,1,0,1,0,1,1,0
2022-10-28,87100,83400,0,0,0,0,0,0,0
2022-10-31,84300,82700,0,0,0,0,0,0,0
2022-11-01,82700,83900,0,0,0,0,0,0,0
2022-11-02,84200,84500,0,0,0,0,0,0,0
2022-11-03,82600,82700,0,0,0,0,0,0,0
2022-11-04,82700,84500,0,0,0,0,0,0,0
2022-11-07,85400,86500,0,0,0,0,0,0,0
2022-11-08,87600,87700,0,1,0,0,0,0,1
2022-11-09,88100,89200,0,1,0,0,0,0,1
2022-11-10,89000,89100,1,1,0,0,0,1,1
2022-11-11,95200,93500,1,1,1,1,0,1,1
2022-11-14,93900,90900,1,1,0,1,0,1,1
2022-11-15,91300,91600,1,1,0,1,1,1,1
2022-11-16,92000,91500,1,1,1,1,1,1,1
2022-11-17,82400,87700,1,1,1,0,1,1,1
2022-11-18,88700,88400,1,1,1,0,1,1,1
2022-11-21,87600,86300,1,1,1,0,0,1,1
2022-11-22,85500,85200,0,0,1,0,0,0,0
2022-11-23,86100,85200,0,1,1,0,0,0,1
2022-11-24,86900,86900,0,1,1,0,0,0,1
2022-11-25,87200,85100,0,0,0,0,0,0,0
2022-11-28,84100,83100,0,0,0,0,0,0,0
2022-11-29,82700,83700,0,0,0,0,0,0,0
2022-11-30,83200,85000,0,0,0,0,0,0,0
2022-12-01,87300,84700,0,0,0,0,0,0,0
2022-12-02,83900,81900,0,0,0,0,0,0,0
2022-12-05,81900,81000,0,0,0,0,0,0,0
2022-12-06,79900,81000,0,0,0,0,0,0,0
2022-12-07,79900,78900,0,0,0,0,0,0,0
2022-12-08,78200,78800,0,0,0,0,0,0,0
2022-12-09,79400,81500,0,1,0,0,0,0,1
2022-12-12,80100,81100,0,1,0,0,0,0,1
2022-12-13,81300,82300,0,1,0,0,0,0,1
2022-12-14,82100,81800,0,1,0,0,0,0,1
2022-12-15,80600,80200,0,1,0,0,0,0,1
2022-12-16,77700,78400,0,1,0,0,0,0,1
2022-12-19,78300,79000,0,1,0,0,0,0,1
2022-12-20,78200,78300,0,0,0,0,0,0,0
2022-12-21,78500,78000,0,0,0,0,0,0,0
2022-12-22,78500,79200,0,1,0,0,0,0,1
2022-12-23,77800,77800,0,1,0,0,0,0,1
2022-12-26,77700,77000,0,1,0,0,0,0,1
2022-12-27,77500,77000,0,1,0,0,0,0,1
2022-12-28,76800,76000,0,1,0,0,0,0,1
2022-12-29,75200,75000,0,0,0,0,0,0,0
2023-01-02,75100,75700,0,0,0,0,0,0,0
2023-01-03,75600,75600,0,0,0,0,0,0,0
2023-01-04,75400,81000,1,1,0,0,0,1,1
2023-01-05,83300,81400,1,1,1,0,0,1,1
2023-01-06,81400,83100,1,1,1,1,0,1,1
2023-01-09,84900,86000,1,1,1,1,0,1,1
2023-01-10,85500,86500,1,1,1,1,1,1,1
2023-01-11,87800,87300,1,1,1,1,1,1,1
2023-01-12,88100,86800,1,1,1,1,1,1,1
2023-01-13,86800,85700,1,1,1,0,1,1,1
2023-01-16,86000,85800,1,1,1,0,1,1,1
2023-01-17,86400,86000,1,1,1,0,1,1,1
2023-01-18,86400,85100,1,1,1,0,1,1,1
2023-01-19,84000,85500,1,1,1,0,1,1,1
2023-01-20,86300,87600,1,1,1,1,1,1,1
2023-01-25,92000,91400,1,1,1,1,1,1,1
2023-01-26,90800,92300,1,1,1,1,1,1,1
2023-01-27,91300,91500,1,1,1,1,1,1,1
2023-01-30,91300,90700,1,0,1,1,1,1,0
2023-01-31,90800,88500,1,0,1,0,1,1,0
2023-02-01,91200,91400,1,0,1,1,1,1,0
2023-02-02,94900,93400,1,0,1,1,1,1,0
2023-02-03,92400,92200,1,0,1,1,1,1,0
2023-02-06,91400,89100,1,0,1,0,1,1,0
2023-02-07,88800,90800,1,0,1,0,1,1,0
2023-02-08,91700,94900,1,1,1,1,1,1,1
2023-02-09,94800,94400,1,1,1,1,1,1,1
2023-02-10,94300,93500,1,0,1,1,1,1,0
2023-02-13,92000,90600,0,0,1,0,1,0,0
2023-02-14,91800,93400,0,0,1,1,1,0,0
2023-02-15,93800,91700,0,0,0,0,1,0,0
2023-02-16,91900,92900,0,0,1,1,1,0,0
2023-02-17,91400,92000,0,0,1,0,1,0,0
2023-02-20,92700,92500,0,1,1,1,1,0,1
2023-02-21,92500,91200,0,0,0,0,1,0,0
2023-02-22,89900,89100,0,0,0,0,1,0,0
2023-02-23,90000,92700,0,0,1,0,1,0,0
2023-02-24,93500,91000,0,1,1,0,1,0,1
2023-02-27,90100,90000,0,0,0,0,1,0,0
2023-02-28,91000,89400,0,0,0,0,1,0,0
2023-03-02,89400,88100,0,0,0,0,1,0,0
2023-03-03,88500,87300,0,0,0,0,1,0,0
2023-03-06,87900,89700,0,1,0,0,1,0,1
2023-03-07,89700,88900,0,0,0,0,1,0,0
2023-03-08,87700,86800,0,0,0,0,0,0,0
2023-03-09,87300,85600,0,0,0,0,0,0,0
2023-03-10,83800,83300,0,0,0,0,0,0,0
2023-03-13,83200,84300,0,0,0,0,0,0,0
2023-03-14,82600,81100,0,0,0,0,0,0,0
2023-03-15,81900,79100,0,0,0,0,0,0,0
2023-03-16,76700,79000,0,0,0,0,0,0,0
2023-03-17,81200,84000,0,1,0,0,0,0,1
2023-03-20,83800,83700,0,1,0,0,0,0,1
2023-03-21,84100,83600,0,1,0,0,0,0,1
2023-03-22,85200,86900,0,1,0,0,0,0,1
2023-03-23,85400,88500,1,1,1,0,0,1,1
2023-03-24,89100,87300,1,1,0,1,0,1,1
2023-03-27,87500,85500,1,1,0,0,0,1,1
2023-03-28,85300,88400,1,1,1,1,0,1,1
2023-03-29,87400,86900,1,1,1,0,0,1,1
2023-03-30,89900,88800,1,1,1,1,0,1,1
2023-03-31,89200,88600,1,1,1,1,0,1,1
2023-04-03,89700,87200,1,1,1,0,1,1,1
2023-04-04,85700,84500,1,1,1,0,0,1,1
2023-04-05,84300,84600,1,1,1,0,0,1,1
2023-04-06,83900,83800,0,0,0,0,0,0,0
2023-04-07,87900,89100,1,1,1,1,0,1,1
2023-04-10,88700,90700,1,1,1,1,1,1,1
2023-04-11,90700,91800,1,1,1,1,1,1,1
2023-04-12,91900,90300,1,0,1,1,1,1,0
2023-04-13,89500,88700,1,0,1,0,1,1,0
2023-04-14,90100,89300,1,1,1,0,1,1,1
2023-04-17,89000,88500,1,0,1,0,1,1,0
2023-04-18,89300,87600,1,0,1,0,1,1,0
2023-04-19,88000,88200,1,0,0,0,1,1,0
2023-04-20,86600,87700,1,0,0,0,1,1,0
2023-04-21,87700,89100,1,1,1,1,1,1,1
2023-04-24,88100,87200,0,1,1,0,1,0,1
2023-04-25,87500,85500,0,0,1,0,1,0,0
2023-04-26,86400,87400,0,1,1,0,1,0,1
2023-04-27,87900,88800,0,0,0,0,1,0,0
2023-04-28,90800,89500,1,0,0,0,1,1,0
2023-05-02,90900,90200,1,0,0,1,1,1,0
2023-05-03,89000,89800,1,0,0,1,1,1,0
2023-05-04,88900,88700,1,0,1,0,1,1,0
2023-05-08,89700,88700,1,0,0,0,1,1,0
2023-05-09,88400,87300,0,0,0,0,1,0,0
2023-05-10,87200,86900,0,0,0,0,1,0,0
2023-05-11,86900,86300,0,0,0,0,0,0,0
2023-05-12,86300,87200,0,1,0,0,0,0,1
2023-05-15,87000,86400,0,0,0,0,0,0,0
2023-05-16,89500,90400,0,1,1,0,1,0,1
2023-05-17,92000,91900,1,1,1,1,1,1,1
2023-05-18,92800,93600,1,1,1,1,1,1,1
2023-05-19,95000,97300,1,1,1,1,1,1,1
2023-05-22,97700,98200,1,1,1,1,1,1,1
2023-05-23,99000,97900,1,1,1,1,1,1,1
2023-05-24,97400,97700,1,1,1,1,1,1,1
2023-05-25,104300,103500,1,1,1,1,1,1,1
2023-05-26,107500,109200,1,1,1,1,1,1,1
2023-05-30,113200,110300,1,1,1,1,1,1,1
2023-05-31,110000,108600,1,1,1,1,1,1,1
2023-06-01,106000,110300,1,1,1,1,1,1,1
2023-06-02,111000,110300,1,1,1,1,1,1,1
2023-06-05,110100,108700,1,1,1,0,1,1,1
2023-06-07,108700,108000,1,0,1,0,1,1,0
2023-06-08,107000,109700,1,0,1,1,1,1,0
2023-06-09,110300,115400,1,1,1,1,1,1,1
2023-06-12,114400,114800,1,0,1,1,1,1,0
2023-06-13,117000,119500,1,1,1,1,1,1,1
2023-06-14,118800,118800,1,0,1,1,1,1,0
2023-06-15,120200,119000,1,1,1,1,1,1,1
2023-06-16,117300,118900,1,0,1,1,1,1,0
2023-06-19,118000,114800,1,0,1,0,1,1,0
2023-06-20,114000,116100,0,0,1,0,1,0,0
2023-06-21,116200,115100,0,0,1,0,1,0,0
2023-06-22,114200,114000,0,0,1,0,1,0,0
2023-06-23,114000,113600,0,0,1,0,1,0,0
2023-06-26,113100,113500,0,0,1,0,1,0,0
2023-06-27,114000,113000,0,0,1,0,1,0,0
2023-06-28,114200,114300,0,0,1,0,1,0,0
2023-06-29,115200,116200,0,0,1,0,1,0,0
2023-06-30,114600,115200,0,0,1,0,1,0,0
2023-07-03,115300,117600,0,0,0,1,1,0,0
2023-07-04,118200,117900,0,0,0,1,1,0,0
2023-07-05,118100,116700,0,0,0,0,1,0,0
2023-07-06,116000,113800,0,0,0,0,1,0,0
2023-07-07,112700,111800,0,0,0,0,1,0,0
2023-07-10,111800,110300,0,0,0,0,1,0,0
2023-07-11,111500,113400,0,1,0,0,1,0,1
2023-07-12,113200,115400,0,1,1,0,1,0,1
2023-07-13,115400,114100,0,1,1,0,1,0,1
2023-07-14,115500,118000,0,1,1,0,1,0,1
2023-07-17,116900,117200,0,1,1,1,1,0,1
2023-07-18,117500,117800,0,1,1,1,1,0,1
2023-07-19,118700,117500,0,1,1,1,1,0,1
2023-07-20,116500,116900,0,1,1,0,1,0,1
2023-07-21,114700,115100,0,0,0,0,1,0,0
2023-07-24,114100,114000,0,0,0,0,1,0,0
2023-07-25,114000,113400,0,0,0,0,1,0,0
2023-07-26,116000,113000,0,1,0,0,1,0,1
2023-07-27,115000,124000,0,1,1,1,1,0,1
2023-07-28,126200,128000,1,1,1,1,1,1,1
2023-07-31,128000,123400,1,1,1,1,1,1,1
2023-08-01,124000,125100,1,1,1,1,1,1,1
2023-08-02,123300,119500,1,0,1,0,1,1,0
2023-08-03,119000,120000,1,0,1,0,1,1,0
2023-08-04,118300,120100,1,0,1,0,1,1,0
2023-08-07,120600,121900,1,0,1,1,1,1,0
2023-08-08,121900,118600,0,0,1,0,1,0,0
2023-08-09,118500,118500,0,0,1,0,1,0,0
2023-08-10,117400,118500,0,0,1,0,1,0,0
2023-08-11,118000,115300,0,0,1,0,1,0,0
2023-08-14,114600,114900,0,0,1,0,1,0,0
2023-08-16,117200,115800,0,0,1,0,1,0,0
2023-08-17,114300,114800,0,0,0,0,1,0,0
2023-08-18,112600,117200,0,0,0,0,1,0,0
2023-08-21,117300,116400,0,0,0,0,1,0,0
2023-08-22,120000,116500,0,0,0,0,0,0,0
2023-08-23,116200,116000,0,0,0,0,0,0,0
2023-08-24,122300,120900,0,1,1,0,1,0,1
2023-08-25,117400,116500,0,0,0,0,1,0,0
2023-08-28,117000,115900,0,0,0,0,0,0,0
2023-08-29,118300,118600,0,1,1,0,1,0,1
2023-08-30,122400,119400,1,1,1,1,1,1,1
2023-08-31,121000,121800,1,1,1,1,1,1,1
2023-09-01,121400,120000,1,1,1,1,1,1,1
2023-09-04,118300,119200,1,1,1,0,1,1,1
2023-09-05,118100,119400,1,1,1,0,1,1,1
2023-09-06,118600,118200,1,1,1,0,1,1,1
2023-09-07,118200,118500,1,0,1,0,1,1,0
2023-09-08,117000,113700,0,0,0,0,1,0,0
2023-09-11,113700,115900,0,0,0,0,0,0,0
2023-09-12,115400,116700,0,1,1,0,0,0,1
2023-09-13,117900,118500,0,0,0,0,0,0,0
2023-09-14,118600,122200,1,1,1,0,1,1,1
2023-09-15,122900,122400,1,1,1,1,1,1,1
2023-09-18,120300,119000,1,0,1,0,1,1,0
2023-09-19,119400,119200,1,0,0,0,1,1,0
2023-09-20,118900,118000,1,0,0,0,1,1,0
2023-09-21,116000,116500,0,0,0,0,1,0,0
2023-09-22,114300,117300,0,0,0,0,1,0,0
2023-09-25,115900,117000,0,0,0,0,0,0,0
2023-09-26,117000,115000,0,0,0,0,0,0,0
2023-09-27,113000,114700,0,0,0,0,0,0,0
2023-10-04,113000,115400,0,1,1,0,0,0,1
2023-10-05,122900,120200,0,1,1,0,0,0,1
2023-10-06,120200,120400,1,1,1,0,0,1,1
2023-10-10,122800,119500,1,1,1,1,1,1,1
2023-10-11,123000,119200,1,0,0,1,1,1,0
2023-10-12,121100,124200,1,1,1,1,1,1,1
2023-10-13,123100,124700,1,1,1,1,1,1,1
2023-10-16,124700,124100,1,1,1,1,1,1,1
2023-10-17,125000,130000,1,1,1,1,1,1,1
2023-10-18,128600,130000,1,1,1,1,1,1,1
2023-10-19,127600,125700,1,1,1,0,1,1,1
2023-10-20,124300,126200,1,1,1,0,1,1,1
2023-10-23,126800,124000,1,1,1,0,1,1,1
2023-10-24,125400,126800,1,1,1,1,1,1,1
2023-10-25,127500,127500,1,1,1,1,1,1,1
2023-10-26,122100,120000,0,0,0,0,1,0,0
2023-10-27,119800,119100,0,0,0,0,1,0,0
2023-10-30,119100,119100,0,0,0,0,1,0,0
2023-10-31,119800,116300,0,0,0,0,1,0,0
2023-11-01,117900,120300,0,0,0,0,1,0,0
2023-11-02,123900,125300,0,0,1,0,1,0,0
2023-11-03,126500,125800,0,0,1,0,1,0,0
2023-11-06,125800,133000,1,1,1,1,1,1,1
2023-11-07,132000,130400,1,0,1,1,1,1,0
2023-11-08,131600,127600,1,0,1,0,1,1,0
2023-11-09,127700,128000,1,0,1,0,1,1,0
2023-11-10,127900,130500,1,1,1,1,1,1,1
2023-11-13,133000,131800,1,1,1,1,1,1,1
2023-11-14,133500,130000,1,0,1,1,1,1,0
2023-11-15,133900,134100,1,1,1,1,1,1,1
2023-11-16,133000,132300,1,1,1,1,1,1,1
2023-11-17,131500,129900,1,1,1,0,1,1,1
2023-11-20,129300,131400,1,1,1,0,1,1,1
2023-11-21,132000,132000,1,1,1,1,1,1,1
2023-11-22,129600,131300,1,0,1,0,1,1,0
2023-11-23,130600,130100,0,0,1,0,1,0,0
2023-11-24,130600,128000,0,0,0,0,1,0,0
2023-11-27,129200,130700,0,0,1,1,1,0,0
2023-11-28,132100,131400,0,1,1,1,1,0,1
2023-11-29,130200,130400,0,0,1,0,1,0,0
2023-11-30,129900,133900,0,1,1,1,1,0,1
2023-12-01,132200,132600,0,0,1,1,1,0,0
2023-12-04,133400,131100,0,0,1,0,1,0,0
2023-12-05,129700,125900,0,0,0,0,1,0,0
2023-12-06,126800,125600,0,0,0,0,1,0,0
2023-12-07,125600,125600,0,0,0,0,1,0,0
2023-12-08,128100,127500,0,0,0,0,1,0,0
2023-12-11,128700,128900,0,0,0,0,1,0,0
2023-12-12,130600,131000,0,1,0,0,1,0,1
2023-12-13,130000,131200,0,1,1,0,1,0,1
2023-12-14,133700,136700,1,1,1,1,1,1,1
2023-12-15,137000,140000,1,1,1,1,1,1,1
2023-12-18,139000,140000,1,1,1,1,1,1,1
2023-12-19,140000,138200,1,1,1,1,1,1,1
2023-12-20,139900,140500,1,1,1,1,1,1,1
2023-12-21,139200,140500,1,1,1,1,1,1,1
2023-12-22,142700,140600,1,1,1,1,1,1,1
2023-12-26,142000,140900,1,1,1,1,1,1,1
2023-12-27,140800,140400,1,1,1,0,1,1,1
2023-12-28,140900,141500,1,1,1,1,1,1,1
2024-01-02,139700,142400,1,1,1,1,1,1,1
2024-01-03,140000,136800,1,0,1,0,1,1,0
2024-01-04,136800,136400,0,0,1,0,1,0,0
2024-01-05,135800,137500,0,0,1,0,1,0,0
2024-01-08,137500,136000,0,0,0,0,1,0,0
2024-01-09,139000,137400,0,0,0,0,1,0,0
2024-01-10,137700,133500,0,0,0,0,1,0,0
2024-01-11,132400,136000,0,0,0,0,1,0,0
2024-01-12,136400,134100,0,0,0,0,1,0,0
2024-01-15,134800,134100,0,0,0,0,1,0,0
2024-01-16,132600,132100,0,0,0,0,1,0,0
2024-01-17,133800,131000,0,0,0,0,0,0,0
2024-01-18,131500,136200,0,1,0,0,0,0,1
2024-01-19,138700,141300,0,1,0,0,1,0,1
2024-01-22,145200,142600,1,1,1,0,1,1,1
2024-01-23,142300,140800,1,1,1,1,1,1,1
2024-01-24,140000,141500,1,1,1,1,1,1,1
2024-01-25,142700,137400,1,1,0,0,1,1,1
2024-01-26,136200,136000,0,1,1,0,1,0,1
2024-01-29,135500,135000,0,0,0,0,1,0,0
2024-01-30,135300,136900,0,1,1,0,1,0,1
2024-01-31,134800,134700,0,0,0,0,1,0,0
2024-02-01,133100,132700,0,0,0,0,1,0,0
2024-02-02,132300,134900,0,1,1,0,0,0,1
2024-02-05,134900,132300,0,1,1,0,0,0,1
2024-02-06,133700,138000,0,1,1,0,0,0,1
2024-02-07,136600,138000,0,1,1,0,1,0,1
2024-02-08,139000,142800,1,1,1,1,1,1,1
2024-02-13,146800,150000,1,1,1,1,1,1,1
2024-02-14,146300,148700,1,1,1,1,1,1,1
2024-02-15,151300,148700,1,1,1,1,1,1,1
2024-02-16,150600,146800,1,1,1,0,1,1,1
2024-02-19,146200,151300,1,1,1,1,1,1,1
2024-02-20,150300,149600,1,1,1,1,1,1,1
2024-02-21,147100,149000,1,1,1,0,1,1,1
2024-02-22,154500,156500,1,1,1,1,1,1,1
2024-02-23,166900,161400,1,1,1,1,1,1,1
2024-02-26,158400,161800,1,1,1,1,1,1,1
2024-02-27,159000,153800,1,1,1,0,1,1,1
2024-02-28,154500,158000,1,0,1,0,1,1,0
2024-02-29,154900,156200,1,0,1,0,1,1,0
2024-03-04,161000,166500,1,1,1,1,1,1,1
2024-03-05,165100,165800,1,0,1,1,1,1,0
2024-03-06,164100,162900,1,0,1,1,1,1,0
2024-03-07,164500,164900,1,0,1,1,1,1,0
2024-03-08,169800,171900,1,1,1,1,1,1,1
2024-03-11,165000,166600,1,0,1,1,1,1,0
2024-03-12,166100,165700,1,0,1,0,1,1,0
2024-03-13,168600,163600,1,0,1,0,1,1,0
2024-03-14,163600,161900,0,0,1,0,1,0,0
2024-03-15,159600,161200,0,0,0,0,1,0,0
2024-03-18,161200,164300,0,0,1,1,1,0,0
2024-03-19,161700,160200,0,0,1,0,1,0,0
2024-03-20,160200,156500,0,0,0,0,1,0,0
