,Date,BH_avgRtn,BL_avgRtn,SH_avgRtn,SL_avgRtn,BDH_avgRtn,BDL_avgRtn,SDH_avgRtn,SDL_avgRtn,PHDH_avgRtn,PHDL_avgRtn,PLDH_avgRtn,PLDL_avgRtn,연도,SMB,HML,DHMDL
0,2007-01-31,-0.009332816438030727,-0.013457708556349677,-0.03446710755617894,-0.011113119121795705,-0.021936238453365457,-0.00869604935133847,-0.00849626412664394,-0.031540574742206284,-0.030157854524970995,-0.03193708593995909,0.00980682640695237,-0.01991607358357317,2007,-0.03418496418078444,-0.03151451015513697,-0.010314190533237018
1,2007-02-28,-0.07270179832763055,-0.04565979715725842,-0.035485957350112375,-0.043808257424472474,-0.051050423778212874,-0.05266596051244649,-0.053817428901017456,-0.03276982675138286,-0.054661413205766694,-0.03333449209229451,-0.051327344655098875,-0.0420499711870034,2007,-0.02011341703214036,-0.06345372838687746,-0.06214995904731564
2,2007-03-31,0.011694682562963224,0.03810214463008125,0.04805991696749743,0.0727296124429396,0.03143951451977058,0.03181566500412055,0.04067403609805579,0.06557166902025251,0.029141879350011817,0.05024557187474246,0.049295339408473665,0.06315378613277653,2007,0.0958911158139148,0.004338720993950232,0.023419883605639846
3,2007-04-30,0.07234488980208928,0.06267935702565734,0.0835406650443718,0.08378730421380058,0.06733217016952238,0.0641011408340923,0.1123496879709408,0.07175415122454896,0.0977335594081002,0.07498688693474309,0.10528726006232673,0.06498462312704242,2007,0.09981584584429909,0.08265222422673212,0.11175421211114253
4,2007-05-31,0.16297366171157798,0.12373140346587083,0.10044414093507689,0.06218782820997599,0.1097133040017098,0.14277667882833808,0.0556473436548938,0.09658356063640673,0.06975931061952907,0.12582370317317726,0.0690050071607245,0.09222409536354229,2007,0.019279436556328466,0.17045818680873148,0.04568052792423119
5,2007-06-30,0.14334682305324883,0.18385143177376245,0.1536556313483193,0.23841765843068397,0.1582517822890374,0.1806923756708285,0.14066530089029314,0.20869402649535182,0.1257817156066988,0.16465140039495202,0.16753888933925207,0.23574724305175465,2007,0.2284741623654976,0.08586790929934493,0.10422388209624037
6,2007-07-31,0.09227090119682302,0.05450610012356727,0.024324411653292927,0.06955224902132788,0.08169790919249509,0.055682981913066885,0.028441217271356838,0.04911658879476167,0.03884979565061141,0.029838252306882005,0.04633233152783741,0.07023355837804685,2007,0.02048816001442566,0.05456613827766837,0.057739341109937656
7,2007-08-31,0.10714596819157995,0.10577620282838254,0.07237052210824645,0.08023301958095795,0.08763938291277702,0.11424104401693704,0.06690890677864669,0.07923871485502278,0.0733265854541645,0.07817854962783632,0.07149893021578556,0.09746958102958825,2007,0.04614245617922315,0.08651187909515617,0.057808410255443796
8,2007-09-30,-0.03665129865508165,0.03832199215594441,-0.003377568152722902,0.013889570052172982,0.008184258774754302,0.0264342575585836,-0.0010300824217695664,0.005766341957528356,-0.003303332407047776,-0.009390659641387617,0.006716181446666853,0.029983481390147466,2007,0.0096766551490187,-0.06613464791186324,-0.00894612340507124
9,2007-10-31,0.02848021705849599,0.03586775056383908,0.003834600575458295,0.01516804306034265,0.04063745916342588,0.031331453047744935,0.02215620683020959,0.0028914227631818036,0.008222674405545747,0.006221831762549047,0.04812820651042949,0.013918324408624123,2007,-0.013171340175366593,0.0067969208218634225,0.04568222808817209
10,2007-11-30,0.002519776372920581,0.08683073945056352,-0.09619582357340442,-0.06404296384170619,0.1307075283617577,0.03965022034735173,-0.09754981628022436,-0.07683126362056478,-0.09716186379936889,-0.07815353541761076,0.03122058264220943,-0.018204153223384978,2007,-0.20491404532685265,-0.1050699350049125,0.051748233718139865
11,2007-12-31,-0.13549526763376998,-0.07291728527846562,-0.07190858809108783,-0.044208786949038834,-0.10547350543932718,-0.07962173439942434,-0.04173981180881598,-0.06807340269872063,-0.05527414016408242,-0.09085375132500262,-0.06274897097777099,-0.0527746163741362,2007,-0.011911098584008864,-0.14884081961110557,-0.07336574869907067
12,2008-01-31,-0.04715380137932069,-0.02642859817222145,-0.003912958953695812,-0.032758591619840634,-0.033273578293614665,-0.039267161368268265,-0.01505247102535288,-0.005306630847515374,-0.019783141635972137,-0.009427175125948348,-0.02410991033988429,-0.03092125657079437,2008,0.00011964920223462433,-0.021473165436985457,-0.026039153211075722
13,2008-02-29,-0.11616396290641527,-0.04840668174067962,-0.08662508568513819,-0.0903704847291264,-0.07188372984730779,-0.08998197357816967,-0.08553476566043716,-0.08742276610565558,-0.09416514878618008,-0.0912137512577764,-0.04344285982937092,-0.07433546564564304,2008,-0.09471024809071714,-0.13340046535665043,-0.06871612566583232
14,2008-03-31,0.059909996558925496,0.039132473704445524,0.07011401191692188,0.07352745966240987,0.03796744986573979,0.05491188329207047,0.04293855473703914,0.07720628765382055,0.04408920780938884,0.07435879241039439,0.033387779738100816,0.06100540785303421,2008,0.09412023644764624,0.07369404179241969,0.014846919129833436
15,2008-04-30,-0.028207508544172987,0.016997201119152223,-0.029095713857312,-0.030033899243668016,0.024823852173893473,-0.019250718724298743,-0.025283593950516124,-0.030155925334546946,-0.016658772028215005,-0.031997190917902284,0.012338730130322615,-0.008276774648826212,2008,-0.05352445938846963,-0.050784873339227085,0.024243580252800195
16,2008-05-31,0.06880353512482357,0.13127715655585262,0.04538217412353354,0.06680275830051687,0.04148146827353287,0.11763567125259917,0.03725396332896242,0.05040434514004159,0.028039763713881068,0.05482573298544615,0.06925952339341143,0.11723356983980479,2008,0.012144586583712313,0.01514575182017236,-0.0052845765938250855
17,2008-06-30,0.03745351045302353,0.03099243272339976,0.02714193505695956,0.04681112025794363,-0.015151053182811014,0.05248666622870529,0.015153528924637748,0.03285354178284746,0.014667682397708487,0.03250415393865838,-0.02131824378157835,0.05944785575433348,2008,0.03973008372669155,0.025693669019311388,-0.042667628263949646
18,2008-07-31,-0.0845943352113107,-0.03756872517189487,-0.05257966863992328,-0.034546850909166114,-0.04101022057208586,-0.07127292998682128,-0.03762598045721787,-0.0536460071058133,-0.03867686848153189,-0.06309509447353538,-0.03880870533029222,-0.03537469359203304,2008,-0.026044989357486614,-0.10111621581070347,-0.01617673248298644
19,2008-08-31,-0.057349839707890544,-0.04634635642881888,-0.06342788331263793,-0.04890972843219255,-0.0800350162277062,-0.04248870836509806,-0.06085041112554154,-0.06199657383602744,-0.06719317917093406,-0.061153647452093084,-0.06643714017160907,-0.040376890822314805,2008,-0.060489513676475766,-0.07314968059002275,-0.08864278625268499
20,2008-09-30,-0.10489524454099203,-0.09090362170481157,-0.12624035924951538,-0.15177037144318387,-0.09428481660143645,-0.10008982906289388,-0.08182982180759792,-0.14060195222862654,-0.08341893513183592,-0.13208587684092898,-0.09279013665960592,-0.12514693546024963,2008,-0.1801112975697974,-0.10979860721650969,-0.055768747763274146
21,2008-10-31,0.0540806092296269,-0.03062851690196501,0.007090058267113113,0.03700504362155961,-0.006684189518535535,0.023746717015992742,0.007901438707402467,0.011128238096576613,0.022936942720783348,0.013576821465997556,-0.05393355821382458,0.016829653514080438,2008,0.03236905572484178,0.057982404136942715,-0.016220228367417745
22,2008-11-30,-0.28296902874052404,-0.19999783587068276,-0.26558196580313975,-0.2559667486249024,-0.1879304498755219,-0.2659433598579795,-0.22280638516020884,-0.27457298882391584,-0.2379864393212066,-0.2762401266912083,-0.13518930898745657,-0.25613129574189264,2008,-0.28006528212243875,-0.3205687022958712,-0.1404786606947831
23,2008-12-31,-0.04629220230960078,0.029753355125695043,-0.04063102798003711,0.011531709377619851,-0.029176912351548248,-0.005691106298652098,-0.02354973282051474,-0.03738109092691984,-0.03036474362156141,-0.044417519715904775,-0.010820175911271294,0.03432001443215794,2008,-0.020829895010464387,-0.10756576254129534,-0.031190546559277024
24,2009-01-31,0.15128301029027194,0.11372112276607009,0.09470778326586947,0.11205481508693158,0.08388427875598944,0.1373085107737015,0.05476712346802088,0.10752933282401049,0.05711134349271006,0.11207404683996908,0.0691405595165973,0.12264080337855514,2009,0.07426053182463002,0.13310282462964057,0.016232480425154322
25,2009-02-28,0.01789376713801839,0.02442361140836043,0.023547981439776027,0.0788068017752885,-0.01531868632082625,0.027901545783355488,0.05642043134221419,0.032095446487236126,0.02089874314808835,0.02295852046272904,0.07373853099168427,0.04886846806805707,2009,0.08119609394187512,-0.010173458014030044,0.011103248886092126
26,2009-03-31,-0.13712317592309745,-0.06181013248655525,-0.04551343096270446,-0.007219414905326939,-0.09961236930186625,-0.09263668026346943,-0.018416844787829525,-0.04046073792642532,-0.045569474283632734,-0.06273276056756644,-0.021952517190565388,-0.03510667954077123,2009,0.046733808336794955,-0.14812183318986083,-0.051480504994748405
27,2009-04-30,0.26619059387230826,0.22983827844487095,0.18978945279564902,0.21684995024116976,0.2198356082439074,0.24948264368991216,0.19433903051483623,0.19630465315492596,0.1660266914091761,0.20840961095260072,0.2607541811206426,0.21441580024177043,2009,0.1586249668782292,0.2326359323249369,0.19128099033632456
28,2009-05-31,0.2121749451178803,0.15558647254518618,0.21864165907748195,0.22826771852543906,0.13446201546849268,0.18710297585306773,0.14198777173882934,0.23667072108425938,0.13720294060779809,0.23193378121434952,0.14568085475362505,0.20527548615896704,2009,0.2630286687713878,0.23888950866004965,0.06456293873865848
29,2009-06-30,-0.010563924432407319,0.04456104833420268,0.030902854643991274,0.0776775219710789,0.04361806172267898,0.017489698082760775,0.053110825564598514,0.0393989344014047,0.04113610027336722,0.0213173088829045,0.06829789795419614,0.06102933211962792,2009,0.09158181466417249,-0.04078035494105683,0.06828457104519475
30,2009-07-31,-0.02221057446241304,-0.01003110367434464,-0.0360459260841145,-0.0260625855273808,-0.027236872547322457,-0.013145290880237592,-0.026920296694658206,-0.03510970244631346,-0.023790871365173383,-0.035638153104885925,-0.03266937168498582,-0.015526097858316809,2009,-0.04598767254311646,-0.040209655945664814,-0.03002967257870514
31,2009-08-31,0.0839825097805363,0.05969264057002927,0.052110143547914635,0.10222526520675101,0.06256203602322831,0.07120725624817387,0.0447569700118938,0.0674424076501161,0.04748849947745981,0.058900148727299234,0.05124520978469418,0.08949530803128469,2009,0.08249783357938285,0.0551337004400608,0.03799417408597712
32,2009-09-30,-0.006579756581422436,0.08237221719869234,0.030920228054285265,0.02487312942347504,0.010370048830345048,0.05057702963450143,0.06650599818723442,0.021979043469671552,0.03965356333291729,0.022304553254242816,0.07960573014979051,0.045235065781386447,2009,0.01789712716912535,-0.02928220183822086,0.040598010465492974
33,2009-10-31,-0.011579418244370294,0.020962562222113332,-0.02341331051251387,-0.02116634422059064,0.051135610618534715,-0.0005653525377920825,-0.0033463765931533718,-0.026890587189766182,-0.012263893977734893,-0.023234256075971734,0.04769408008330672,-0.012908183531252384,2009,-0.04927122672197603,-0.03489083775764551,0.061517203889160474
34,2009-11-30,-0.05836290909201604,-0.023411925780149223,-0.036918298060137474,-0.02871383014510054,-0.019240167529192574,-0.041430801557870774,-0.04616832857297836,-0.03275960921292997,-0.044599471647929004,-0.03953008851125784,-0.03133493124016041,-0.025052275862387386,2009,-0.024744710769155374,-0.06921832918952864,-0.028313290716770564
35,2009-12-31,-0.010609840947823754,0.006100202940783182,-0.0036572549328630294,0.0010755787890848788,0.012538141064878017,-0.00331763888203979,-0.03152104661581445,0.0033431543978105077,-0.0346567966507137,0.000703136126957226,0.0026666845409836723,0.003598893378510443,2009,-0.0003268571402578646,-0.017854986745620815,-0.018995663308821794
36,2010-01-31,0.0915422608151039,0.08637056665714804,0.061400807838459415,0.08923762122372494,0.0910204635670932,0.08769319310427574,0.08693790946404775,0.061171510463544645,0.08076102264147195,0.05989308417254957,0.11112659442379316,0.0833355302947509,2010,0.06168201532605838,0.06513897471312684,0.10352602124723076
37,2010-02-28,-0.0549811153160941,-0.0672012156438791,-0.0406897442400516,-0.027847950674586792,-0.05100243132339953,-0.06516980480002592,-0.054909201166917644,-0.03189129931584569,-0.05605421238830366,-0.03768772403282052,-0.047875349545097846,-0.04654542337658116,2010,-0.007446529434651794,-0.048146276396912754,-0.05738108043238138
38,2010-03-31,0.004774968965568623,0.03877735134564947,0.023219726807111617,0.062046197687956925,0.015313871533180668,0.02858961543366254,0.023403563218234592,0.035035187164108944,0.020360300173490904,0.02081872685237997,0.02714389262446724,0.055474715587125634,2010,0.06348976433945949,-0.022417078744122958,0.006905033452529519
39,2010-04-30,0.0752906267040389,0.07354164073243721,0.10599297465421216,0.027616431218108913,0.05978489834157042,0.07720618536975075,0.06779284049408246,0.09509700046147612,0.06769678078089307,0.11439789777295913,0.06163499397235596,0.04736618281115676,2010,0.059193272154083015,0.13070456538297798,0.04142614592003943
40,2010-05-31,0.002830841171777594,0.018969156795319932,0.030541697090720184,0.040684542435713726,-0.003582759289177529,0.0165296902643191,0.0363233120193394,0.031664754252675106,0.02769661341350837,0.02639799984072075,0.033184854341683036,0.029676575215993626,2010,0.06032624054288514,0.003545688646980953,0.008643330471664771
41,2010-06-30,-0.05656240018631842,0.002419590020145764,-0.05783449117155888,-0.03345530605791252,-0.019411701460801838,-0.01921275185956536,-0.07358638734995017,-0.044981534020902915,-0.07613861251071533,-0.05082726257495072,-0.02110173751519553,-0.01526254108159255,2010,-0.06421839214638507,-0.09887903333899392,-0.060900945870517864
42,2010-07-31,0.05924083688742489,0.09286638787645461,0.02198061906798604,0.058277606505634204,0.05197562718985719,0.08650371005012235,0.019699665326697986,0.033866325410082075,0.014672952958796384,0.03166922393909158,0.06282290007882751,0.07725032206076204,2010,0.004204613191680501,0.0056494587643665245,0.011490274786452967
43,2010-08-31,0.027586180505109928,0.03637574415886452,0.029095225475305696,0.025745395803302144,0.01736872490304639,0.036458398921997155,0.03244624307818802,0.026917431212067442,0.038042007162499274,0.025503834231983862,0.0013216212227829237,0.0364975138238138,2010,0.022859658946620613,0.025620835999332296,0.018127052914202108
44,2010-09-30,0.03016034762242616,0.014581151236915935,-0.015408839025694765,0.02532068923336368,0.005365792898202642,0.023225876075909833,-0.00021983686800695023,-0.007997781026652093,-0.0005700036105819816,-0.012351894208719008,0.005485760500964016,0.022881077265865808,2010,-0.012458899222002133,-0.005199411638408412,-0.002468091494433179
45,2010-10-31,0.1008598235918407,0.08960884210196934,0.0628260502017238,0.05334781435069766,0.10847137024945447,0.09062537650110335,0.05400228950529398,0.06290451390337132,0.059487328479964054,0.07119201418239646,0.07955165166953938,0.06929759085867704,2010,0.020939531705516434,0.092207545567231,0.08570871455251111
46,2010-11-30,0.036839482922555115,0.033869829254815756,0.06607544663182334,0.10528841685869224,0.013010285922027794,0.03943030839573156,0.06508025179172074,0.0785350902156178,0.058271128849843604,0.06347967511613016,0.04594969508164913,0.07533637677463649,2010,0.13600920740183015,0.03333580649762445,0.019107838408073854
47,2010-12-31,-0.03864901796968997,-0.019975373384852193,-0.054417121663937966,-0.048003762919946145,-0.0520947266615796,-0.021496122774608748,-0.06448080037302759,-0.0490040112195145,-0.0683176581984157,-0.046320299648621055,-0.04148174519697172,-0.03307714527973399,2010,-0.07310868890661304,-0.059076571481228767,-0.08132546003754557
48,2011-01-31,0.040187308656777665,0.034516080646862964,0.019245694850508574,0.05440428451473716,0.04291398840482637,0.03346446965549532,0.02704734818172114,0.02518195979820556,0.029059482059992165,0.01837314021750062,0.03975434097505948,0.04449760444674181,2011,0.036298284713425416,0.014972820926486177,0.04063812185969706
49,2011-02-28,0.014065061796062529,0.011629860041016819,-0.0005376775382740354,0.006106358200627633,-0.025835126635728022,0.029304507930190463,-0.007231524480735013,0.0035715439355921996,-0.004378272012114847,0.0036843341052112785,-0.04059129633417271,0.021578179349595283,2011,-0.007278780256186076,0.004659275136966267,-0.049504677049354365
50,2011-03-31,-0.10684541418243365,-0.0680021637529147,-0.054762368086580054,-0.047892183257165814,-0.08223970169636657,-0.08000007368587132,-0.05411380308158451,-0.05328202852457208,-0.0656585754496249,-0.05870109068875294,-0.04838344087991909,-0.06159498044230486,2011,-0.01523076237607171,-0.10366060876397346,-0.06971245367272938
51,2011-04-30,0.12286857131085514,0.11692741174780512,0.05187785080819608,0.10294676531577827,0.1050383921305366,0.1249684072556824,0.05459229064264834,0.06359803807311641,0.05738122753256252,0.06142238009133864,0.10777243268406266,0.11135204289572569,2011,0.034926624594644226,0.06480933358725953,0.06534746010878553
52,2011-05-31,0.07232044739270897,0.05186228163638762,0.024607515933048028,0.025512851981499236,0.02543436409427657,0.0731490291432349,0.032227272435508554,0.02205879419536132,0.0350693694850894,0.027980829450432336,0.013670376625036396,0.046588703708350714,2011,-0.011970996600001033,0.05824039651681357,0.010057724860487012
53,2011-06-30,-0.019819224727738453,-0.016092694818608658,-0.03574526742170368,-0.03080497681600781,-0.02743934954624856,-0.012887612431115273,-0.016366824320077022,-0.04149495245236684,-0.017383831974933272,-0.04127731293101209,-0.026605578741842217,-0.021775003958397928,2011,-0.048594284464537944,-0.032115656332133896,-0.016614891424584527
54,2011-07-31,0.035553737794450035,0.0425297829857713,0.0007988022280535234,0.007519161011705343,0.059686888089191564,0.03198768871113004,0.013316376210974808,-0.0019855080117932014,0.018491009502406893,-0.0012626697729746234,0.05295268981825712,0.020422337040497764,2011,-0.0307237971503518,0.011328068023765236,0.05800217395049796
55,2011-08-31,0.05464918316720502,0.0760080136327762,0.09171807617283721,0.10527585089229421,0.11189424026051314,0.05086416543662785,0.07762786245425207,0.10022881375491821,0.07811240968898905,0.09156163972518913,0.11874472992238493,0.08214119058860021,2011,0.1316653286651408,0.055725327077507034,0.11397561311899218
56,2011-09-30,-0.11956165684288117,-0.10077525812921956,-0.10283565012184998,-0.03694724690715304,-0.08185718382066161,-0.11747107224484686,-0.06648377741260814,-0.09911768359460942,-0.07476874903632993,-0.11820890700259835,-0.05635792758866028,-0.07569173117459654,2011,-0.029614439542952647,-0.15353605444654483,-0.04004658331354159
57,2011-10-31,-0.1643433885748996,-0.09206770649333834,-0.14381190081488096,-0.14724260615045512,-0.10855988230668485,-0.11803994295347496,-0.1396805693982484,-0.1461686948180906,-0.1548750471592348,-0.1423205332835679,-0.04696593513030043,-0.13379007542845284,2011,-0.1628489594312171,-0.18850013306788382,-0.11613613281915047
58,2011-11-30,0.10664608681578766,0.11442475689915707,0.0961132630610113,0.14823649122365617,0.11119760558481047,0.11225185828147957,0.10363493701548868,0.10668002912784948,0.09756448990822102,0.09723797926174826,0.1345877728987139,0.1285202042809829,2011,0.13381433242719512,0.07142872581539234,0.10536659889563463
59,2011-12-31,0.01848308033682787,-0.015164382065727204,0.0015090508133358573,0.005737903682316837,0.01863653779357466,-0.014268793478545679,0.004252391094978923,0.0016003775333955513,0.01051024630344806,0.00034098411908431463,6.933727156206253e-05,-0.007115194687771967,2011,0.005587605360102361,0.024705370341868912,0.029223136861128644
60,2012-01-31,-0.04385027544591193,-0.010059540636394047,0.03321680135894268,0.13210713779789626,-0.03341874264036723,-0.01962258925801421,0.040481688448007425,0.05557181065840552,0.0074398904200019475,0.02869358204190295,0.08309795685581586,0.05216682714397392,2012,0.19227884719799193,-0.07165727266772036,-0.010911664892555462
61,2012-02-29,0.1065572169123309,0.053661447856945,0.08780093831713925,0.05625283013044622,0.04295125287904103,0.08213895103309003,0.0620427459238611,0.08830832218434681,0.07218426127287565,0.09698927864394644,0.0030114210157543954,0.06547897789918869,2012,0.06394443606294752,0.13940101623577453,0.01977036219418371
62,2012-03-31,0.022441857991329146,0.009995412158690741,0.13345283003027752,0.09230492151958329,0.03800451552935024,0.007973570881458428,0.12222926769548928,0.1268235316992091,0.12200592827196217,0.11744845400285174,0.030419563150962982,0.052861223427716646,2012,0.20953911647485088,0.10474452118246966,0.09283523193450577
63,2012-04-30,-0.05222444166492052,-0.01818392470562865,0.01340995696863923,0.08610856276334371,-0.04745045185151015,-0.026179191332698856,-0.019859183277206576,0.04242678358672044,-0.02218343051767667,0.014597303333328789,-0.04149365155717767,0.046168869532059446,2012,0.13472270291725752,-0.07277680372513881,-0.07543343125572752
64,2012-05-31,-0.05205135115876013,-0.028664058126358142,-0.023475913113318723,-0.05181623236620543,-0.018244702317981653,-0.04287906682743809,-0.021499622784157794,-0.03120505182845446,-0.021947148888479564,-0.0292490585544235,-0.016240987380157387,-0.044429192538148594,2012,-0.03493444083696501,-0.03528711902579707,-0.00270226577419317
65,2012-06-30,-0.10580750767034748,-0.050558765837334374,-0.05634709860362356,-0.06257867356065171,-0.07181468733099909,-0.07103374213552736,-0.0584157178188255,-0.057230844116497814,-0.06247692541090408,-0.06309733567220852,-0.057925055811921776,-0.055923960051763165,2012,-0.04074263541043435,-0.105585886574978,-0.066098112023812
66,2012-07-31,0.027179874482116628,0.03163928894630274,0.03778088402544712,0.05172887072192202,0.044381106509006736,0.02585593412092126,0.025355339972429503,0.04531727675255819,0.02583797255169871,0.040261086032481117,0.04447381099040497,0.04049975974786024,2012,0.060100173033159454,0.023276678673451373,0.034149841044696504
67,2012-08-31,-0.008476679000426974,-0.022687500575248796,-0.011123867897580663,-0.022383183244731212,0.007123095889706461,-0.024376237250061897,-0.012852781980904048,-0.013375255983999523,-0.013587518456135384,-0.009731159616367412,0.011875945458885024,-0.02956736945457218,2012,-0.017924961354473988,0.002934795011982367,0.013146060525833123
68,2012-09-30,0.062440601392255074,0.04154351970721222,0.06213081013462233,0.08507498720500876,0.02411238990752088,0.056565297342793974,0.062402578254446145,0.06777828711316922,0.05257016160331651,0.0657195338606339,0.05715493351456448,0.06323264117384038,2012,0.09521373678989745,0.0612621580707669,0.024343175933985425
69,2012-10-31,0.07634876794370894,0.02121629063184206,0.08475194088407359,0.010013263615216721,0.06149178196912937,0.03620123675026745,0.06741786202406974,0.07171632405248561,0.07306322868208685,0.08753881781193325,0.03972904899607117,0.011036446956172659,2012,0.045982675211514806,0.14548593170425317,0.07495086359182257
70,2012-11-30,-0.05329871076020887,-0.05700982809367798,-0.02299813823501747,-0.03796576060617329,-0.024821514571075023,-0.06442322492691056,-0.021448992549920675,-0.02724489934125315,-0.0309197652092356,-0.025594193212188518,0.010356630699240522,-0.05987576071161784,2012,-0.0058096294142473345,-0.028809054645300695,-0.0004364449869138434
71,2012-12-31,0.012010088444811929,0.004652982256765413,-0.02312085289020511,-0.018198316703796617,0.032116450094396926,0.00034151000390603365,-0.008975468862588099,-0.026500098459746022,-0.004275073798477908,-0.023680402656135694,0.018599160499682223,-0.011251061688640809,2012,-0.049650704944790396,-0.004338097221877577,0.03622027545972882
72,2013-01-31,0.04833831445530632,0.028851372124399685,0.012714305571139967,-0.001556586383745724,0.021498297860242054,0.043033041365783044,0.012882160488399378,0.007357702002820336,0.01591815892031805,0.01918864778540287,0.01320551880007237,0.010592907173365348,2013,-0.027437124102458764,0.04740522715611931,0.009185086664339741
73,2013-02-28,-0.03609193121322628,-0.0018495307153321117,0.017500112467166266,0.06070473425030968,0.008389624009967461,-0.02565855224318145,0.004373874850882623,0.03834176058090715,-0.002136553563753506,0.014227266440795881,0.024721635185389546,0.03729359277794295,2013,0.09717557768175514,-0.048019420513548794,0.006421894691987232
74,2013-03-31,0.03529912655954552,0.033124460235487124,0.037751679790097345,0.009013229829012724,0.04612027169299463,0.028983147673981666,0.0347778789871634,0.028178489601086983,0.03453789415433252,0.03861238109398324,0.04600007867305837,0.011522050554617946,2013,0.012553116221593746,0.05198196131739294,0.052317332042623704
75,2013-04-30,0.04519656607498821,0.0318666582904135,0.036958205707246436,0.05629944388329574,0.029925959335726865,0.040287752305683516,0.05920976368749996,0.03597904432279171,0.05536608362172759,0.030744460179432408,0.04161042171958376,0.04733421967506862,2013,0.054726037407841314,0.038071720695380035,0.05100232470898921
76,2013-05-31,0.02812501044003462,0.0308824457146963,0.03169210347432672,0.018830107829887588,0.04047408048303786,0.025333091153719563,0.05093524759917355,0.019866862221129426,0.047862574779234994,0.023845965604385073,0.04897935425747064,0.01679793779305704,2013,0.02101848322684885,0.0349608371420694,0.06880935139478692
77,2013-06-30,0.0013910559006625669,0.011573604200649724,0.032517806158762555,0.09560769842098252,-0.003984132378054352,0.012200353183263037,0.0041352620292986995,0.06632937738043046,0.0016254476901969319,0.0391223714001586,0.002935677996260031,0.0766515263679531,2013,0.12164317452908895,-0.019681789251390996,-0.0391137356306024
78,2013-07-31,-0.04052110120082927,-0.04015590482845067,-0.0670830823198527,-0.06890661377347516,-0.06089201451746064,-0.03177391445579146,-0.05704292019933128,-0.07143956517487207,-0.059386393584578596,-0.06457235947634837,-0.05467160851517687,-0.05749746227575519,2013,-0.0956511930786879,-0.05307292421971904,-0.06632819490146016
79,2013-08-31,0.05871896739780434,0.05118128144212452,0.03551531712018633,0.0731480804299946,0.04391128878463462,0.05850038466061595,0.025077499224088844,0.05330423042782512,0.027309957660475153,0.04422454037113606,0.037007037313808465,0.07155109130560765,2013,0.053713273130216496,0.032069603581931116,0.013086480464502927
80,2013-09-30,-0.015871463198415654,-0.03414300973188858,-0.01856962285667684,-0.01853714890184442,-0.035365394656599415,-0.02319570938680955,-0.023581951257467645,-0.016720475957308904,-0.0213099910131106,-0.01677727218988836,-0.04039500667292016,-0.020747623429746755,2013,-0.01209953529336914,-0.008101006738225995,-0.03898925324200783
81,2013-10-31,0.06639679413771853,0.04821393019201336,0.016693872415954335,0.0012434693888273567,0.03749384533716758,0.06283642341199552,0.020758407676566944,0.009471427147474544,0.03011259406557352,0.021821153402422022,0.012576051787079797,0.023467952216262803,2013,-0.039368020360084244,0.058361966763252504,0.0220983277339995
82,2013-11-30,0.023006526470314814,0.0036842712771340586,-0.011569100869545601,-0.002469809593977757,0.026741677430125062,0.005152235069957873,-0.002073456322003581,-0.011672728454024613,0.0008026353921543645,-0.009340211150204284,0.017553241529391684,-0.0047353026800835574,2013,-0.027384309337247795,0.010830194759191062,0.02792846780015485
83,2013-12-31,-0.022666967380801612,-0.004588429576660727,-0.02539800526111467,0.00919917840817806,-0.0039146119157193624,-0.015048742595434463,-0.0017732812993145892,-0.021238697063023688,-0.006632612941067657,-0.032943194701066277,0.008606996501419405,0.00191180147141402,2013,-0.00257112837420544,-0.05037034705767495,0.012455826614195125
84,2014-01-31,-0.015564319814410392,0.013723415025787233,-0.02698968397777926,-0.034847066166773175,0.005197831830580334,-0.003060171863293024,-0.030845902953385452,-0.029468043088658108,-0.02361671383011033,-0.02546051956988679,-0.018267221327277625,-0.02059908321317322,2014,-0.06091629775024086,-0.031992178221696685,-0.009383963646829554
85,2014-02-28,-0.02810302133541519,0.010953059494685112,0.01666412550774715,0.051745492747229116,-0.018393060196029716,-0.001726490484684893,0.026227308324682154,0.031391584602708515,0.010409167061801958,0.006785149349083633,0.022962050385171597,0.045823383742983496,2014,0.07698459917534131,-0.04278817194862515,-0.006998298930359373
86,2014-03-31,0.023068669620076615,0.03388543722898542,0.04394348789747028,0.04555200476418086,0.024761621373273507,0.030911444039848922,0.050130919082654844,0.04186806359676817,0.047272708323217796,0.03584897752490927,0.03728196081583445,0.043873760401686446,2014,0.061018439237120116,0.027293436520963762,0.038502786637619815
87,2014-04-30,0.02177635403124822,0.037630431745730886,0.04731354830179677,0.06566867558936029,0.03935365137069364,0.025124446950255716,0.05066334755048804,0.05581048472859429,0.040788188635958816,0.0433295872291788,0.060345305811665174,0.05571589010888795,2014,0.0832788310026675,0.0174403486654994,0.04954953308175667
88,2014-05-31,-0.030587066864190243,0.01974414396426716,0.023830158840896676,0.034573951478569516,-0.009905143254271095,-0.001004426395712834,0.032076106701360914,0.02579638547862851,0.016070311107663385,0.011909084312481517,0.031016438421496307,0.029611582355773696,2014,0.06382557176942773,-0.03391595574471191,0.00977498390563198
89,2014-06-30,0.009558677285527187,0.03176866850151511,0.004644077255917384,0.012994482415523272,0.016056828161082923,0.024031255416423834,0.014016499184941331,0.00475438539205271,0.016582433260114916,-0.0005547994648549292,0.010864433658355627,0.021975209794587933,2014,-0.003025113222080489,-0.008178820917074617,0.015680506941785983
90,2014-07-31,0.021611854014117218,0.03745750948763252,0.01603087386127383,0.03640371280024018,0.027951701402329984,0.031017784457768746,0.016205822636968042,0.027157101614439908,0.017363422433499195,0.01695376937958172,0.022451787126981104,0.042534526896625305,2014,0.02289990491063914,0.0007121167314547011,0.015070081003193701
91,2014-08-31,0.039093237087688915,0.03536362206898536,0.03835406620738861,0.02177213868424671,0.034114262034473576,0.03876109083142605,0.03397977679112881,0.0313230005445401,0.03750073992669917,0.03905139036734385,0.027766644887267794,0.025207980674726876,2014,0.022897775313298188,0.04887942291846149,0.033051993137619314
92,2014-09-30,0.0028995272955524886,0.05964790229888554,-0.004759063762739517,0.040080207996843434,0.042489020301566545,0.027472929882306582,0.01785977247854476,0.009090853118713172,-0.0040083208716159896,-0.0028906786975134873,0.07448582360555653,0.03454192715096138,2014,0.0040474294368849015,-0.051723591615051516,0.04206690127960143
93,2014-10-31,-0.039608154141490444,0.029512399986544383,-0.015457955470333542,0.036398576434124745,0.04176252584936572,-0.027567755080527487,0.014009831865077156,-0.0010238768317132878,0.0002868069420618535,-0.03146418083617264,0.05825507642435063,0.024531567973468466,2014,0.025988498041264234,-0.08802159782215854,0.07006817367056326
94,2014-11-30,-0.036127997803593034,-0.0036373195071723553,-0.03600527014994624,-0.012865081261431254,0.011516513942094365,-0.03504046855264766,-0.02692119850064692,-0.027619076096121877,-0.027426383531110442,-0.0408327358725932,0.0012106376592086153,-0.014510382916635046,2014,-0.0289876927559948,-0.06388206756923748,0.015925087765832215
95,2014-12-31,-0.005712808306875772,-0.007149583594488495,-0.017004522004347093,-0.036247655499397236,-0.034697054194852875,0.00827665738462803,-0.028588680397344576,-0.02205018952889742,-0.03138186805508588,-0.005602764923521012,-0.02791098395045978,-0.026730675694304186,2014,-0.0468209815530622,-0.0010187107642799995,-0.05639896852006276
96,2015-01-31,-0.026872501764857695,0.004946210113335693,-0.0005981881904076305,0.02879734006339198,-0.005674197305592893,-0.008393002769341493,0.018945749248892006,0.010044445513999441,0.003982324258743069,-0.009417906095287358,0.018811076025482147,0.02236455461427611,2015,0.03916229769874535,-0.04434246504362916,0.012445830570970137
97,2015-02-28,0.008310542368327258,0.05499765474853922,0.04027082286138856,0.08892104846816776,0.04092262187553289,0.03435913884069792,0.022962926465765438,0.07401676771620598,0.007097553080843358,0.0470824337840926,0.058243858398907486,0.0854871006901741,2015,0.09753777277112308,-0.023377986378637666,0.00969759506284637
98,2015-03-31,0.07514595182727626,0.04417692481567535,0.07740673329192979,0.06756068449864303,0.043602141230392306,0.06487328953011397,0.05946349851320037,0.07754479402307696,0.05596641819078084,0.08653235096841727,0.051306414846670506,0.06349645600605507,2015,0.08530597946909702,0.09668388046204687,0.03185659796699722
99,2015-04-30,-0.0018466856553612666,0.10344033936581999,0.0868843628841002,0.10500164723154032,0.06871748085103103,0.05900465399170722,0.06550953681506011,0.10430178720019886,0.04395967934031871,0.08353418689040983,0.0963990692911872,0.10733832542983328,2015,0.14108918326041114,-0.01918331606994121,0.052573797070138095
100,2015-05-31,0.08207226352122866,0.08870828445841812,0.021851633521134423,0.03652095813180332,0.11389466752080077,0.0665563792658166,0.024702203558313325,0.02940523511944187,0.03769462917105012,0.030141520220183265,0.07933746838985488,0.04332221583767321,2015,-0.027017682336885653,0.041309275747252364,0.09061606388648485
101,2015-06-30,-0.01221018900706231,0.117897304958237,-0.0050937110451346555,0.06545828151074963,0.0612455125661217,0.07270142077539828,0.02064027851493129,0.02732867622925805,0.00832848186966049,-0.012997177854894964,0.06945802305085187,0.08583102716892323,2015,0.00752101249002763,-0.10898169328669029,0.03187074257872482
102,2015-07-31,0.0476650118213906,0.1140743142295866,0.027639485401808803,0.04540956262657106,0.0969850691883649,0.08264509966370111,0.01111600610813482,0.043280027534320725,0.02574935732165117,0.033636840707989,0.06092379149997479,0.06852061143772996,2015,-0.007820614997108732,-0.004437441204879433,0.045138511697488795
103,2015-08-31,-0.08881792866215601,-0.005094973524608427,-0.010953430587183049,0.009494856153720721,-0.009833287988068925,-0.05659844597676235,-0.037334461514790494,0.00943817845344928,-0.04506347803498616,-0.01550395591046794,-0.0050718689373651215,0.00850109513525653,2015,0.045497876659919896,-0.10197130056389521,-0.023587615741202883
104,2015-09-30,-0.01223756322697032,-0.03612136576260674,-0.0674727733439284,-0.04623710141954271,-0.03518960262437239,-0.021132017354217488,-0.05984794943315892,-0.05766770520821304,-0.05925597837009145,-0.05708074165804028,-0.04080226006188974,-0.043940594893645456,2015,-0.08953041026868258,-0.038531102979824,-0.05563769077631605
105,2015-10-31,0.052748651122594234,0.025724461935990376,0.031340562191741805,0.06820151029441611,0.011387883127779027,0.05356444331922506,0.050551582917811796,0.046434964879029116,0.03136655094450645,0.036788657043669064,0.04427090548291207,0.05894043526416433,2015,0.06030551595686561,0.0371262271991328,0.011939761946463734
106,2015-11-30,-0.026016406484198444,-0.03944347275856201,-0.01669063814740315,0.010475175050010133,-0.04404747294762681,-0.027596141806401457,-0.014789970106596925,-0.0016800932219825059,-0.026553624012779175,-0.014647699106189993,-0.022856495690283488,0.0011124840676175266,2015,0.02651447652398721,-0.02822289577732565,-0.04419932554003175
107,2015-12-31,-0.009806649881554214,0.01692929387078896,-0.034658186998773655,0.01660742256932259,0.012470998887003261,0.002807670680046129,-0.02044843653744055,-0.009739423103462678,-0.020615352865700348,-0.03463493017518414,0.006235489862473225,0.02029148021187449,2015,-0.02161208642406844,-0.06123319510038364,-0.004511561438729015
108,2016-01-31,-0.05430245517517181,-0.019657715500777596,-0.020638390746128558,0.002593678447194612,-0.03549241437472935,-0.03255942080141556,-0.008759399006913525,-0.011467434307322838,-0.02055393541257582,-0.029655450118421727,-0.011568833892231347,-0.0013210113856722391,2016,0.018935373039040755,-0.06640882739450887,-0.02223838582727368
109,2016-02-29,0.010693859282155304,0.038322086390319074,-0.027674183067698803,-0.00013801310674991694,0.04622814542371781,0.01577929173608837,-0.015056767527898517,-0.01623975158863883,-0.021291442724413117,-0.02046386887022627,0.035132190215848534,0.002465950399726905,2016,-0.05232016901068591,-0.03607236042732807,0.03140160782209452
110,2016-03-31,0.023910528388518298,-0.0011700505097562441,0.013442108000669516,-0.00999309609147337,-0.00952111451949586,0.01999466762397517,0.010801312227364693,0.0006413982871827667,0.017965363338577064,0.014088370825321937,-0.012542714041707868,-0.005291388529802131,2016,-0.007921227030184882,0.042934209689802626,-0.009037835247710135
111,2016-04-30,0.00655606629803553,0.04938771682753023,0.04295482675638636,0.06579228770371431,0.0005550442790674324,0.050896472684196926,0.08626787752936892,0.03977364230165628,0.03821810064244544,0.03553997335079545,0.0907152725054876,0.04926578155378133,2016,0.08077522289731778,-0.008079109211200385,0.04148786431550974
112,2016-05-31,0.028753747996080804,0.01157620522897993,0.010234981588153896,0.010542835862087053,-0.005473999217932407,0.03283361289381528,-0.003644731540734718,0.01575015662013282,0.004332674816375241,0.01791587190016291,-0.015386930715014747,0.02097980863215975,2016,0.0006128408377105814,0.027929209038701212,-0.03341061551564117
113,2016-06-30,-0.038850749584119784,0.04342909327299948,-0.0013835125640398458,0.07395083267472949,0.02196991237759081,0.00315160906082771,0.013890102414602661,0.03715822756309255,0.0017016938178817918,-0.012759268417812254,0.035451768692338646,0.07593773860577974,2016,0.0702781482662498,-0.09892422512202412,0.015705096480233344
114,2016-07-31,-0.03329199346204388,-0.003974964454858677,-0.012948781839590187,-0.00418111062544458,-0.006043858534478516,-0.021654514121656643,-0.01789056091217308,-0.005911772394820823,-0.017572373290914784,-0.01614255468073559,-0.010191733747999742,-0.0017758515348549478,2016,0.0015035864934165102,-0.04216273776148244,-0.010151276188412862
115,2016-08-31,0.03719400195840832,-0.015340856934098972,0.029636799488894784,0.02189874759456358,-0.02552149390841766,0.024628141836063662,0.01732392891549482,0.029805910813783847,0.019736285671333724,0.036250119093022275,-0.015204922457640803,0.02051632984904891,2016,0.04060897457130369,0.0635518561170708,-0.03541459131784659
116,2016-09-30,-0.012488618951498826,-0.01620122657869422,-0.02274425522015792,-0.021882826876819098,-0.04161720932222064,0.0013616067535363128,-0.022306957760393657,-0.02240594804671668,-0.04086219429155214,-0.011582418872688493,-0.011141356169196377,-0.023631576881263813,2016,-0.030282159331880498,-0.01619084744390009,-0.05340199643602411
117,2016-10-31,-0.00781490162881186,0.029703934811281214,0.03310814182552647,0.05071831858497303,0.02242495516706401,0.009842141089221759,0.027485219095970462,0.04559592905477087,0.026943449168385165,0.025218480249760013,0.02473032834576709,0.051886195944039475,2016,0.07288194381926481,-0.01491788650141251,0.022191139191038156
118,2016-11-30,-0.039724450826138784,-0.0864202852286899,-0.06722651204230642,-0.0870643121155622,-0.06539507960988566,-0.06884124058020138,-0.059065519104434354,-0.08199290503544673,-0.05770352649209436,-0.06443736418321663,-0.0651932082558758,-0.09522889798768791,2016,-0.09121845613045429,-0.02020866419631917,-0.049043525906495966
119,2016-12-31,-0.01070945881848768,-0.03235520119618985,-0.024800521069418425,-0.03984367476928124,-0.018025823040010158,-0.02694160920700536,-0.014699319176352426,-0.037495005921902295,-0.01570576743542216,-0.025340554082421744,-0.01565529726082252,-0.046017620802455375,2016,-0.0431118658313609,0.000589458094829437,-0.0005068346519087608
120,2017-01-31,0.02399682547437002,0.02510141039266474,0.04694073700471651,0.06466795299774586,0.024778080317166277,0.024512514233651563,0.03952712624853315,0.05829779076413276,0.032069942775109515,0.04962124300840892,0.038965872640675865,0.05595566852022707,2017,0.08705957206894499,0.02605288078388123,0.022900054066807257
121,2017-02-28,-0.014754991805197551,0.012170019926632854,-0.0030727322135777686,0.017721502874531017,-0.005628577529111196,0.007534135813161083,-0.003944197785666773,0.0069106506490171525,-0.009296591992250152,-0.00246760302472855,0.004041149402477036,0.02126143350697386,2017,0.015941256600235598,-0.032773485419357255,-0.016795168545867087
122,2017-03-31,0.01976867556869632,0.03356635118076281,-0.00481210865158381,-0.010033470635069812,0.009748879605987483,0.0455933793221481,0.0027227836699771127,-0.01044042558115,-0.0013946630243982787,-0.0006303528352005905,0.01670742296692749,0.0003143766196068479,2017,-0.041513092661383186,0.00319012664426601,-0.005104813594534456
123,2017-04-30,0.019626615892038388,0.04199446877702402,0.017857726573861032,0.048501743849405046,0.041887027727399676,0.023758121639967662,0.015899620913865254,0.032857530751710676,0.023381389279201456,0.015183931606882925,0.027006899296306026,0.05523183441816005,2017,0.035548928088734874,-0.007763763847315114,0.029478822445425757
124,2017-05-31,0.009937241834200276,0.015307549259159954,-1.7970053822438594e-05,0.0004529118544000702,0.025986533272787875,0.00043849283733765637,-0.01038742604943059,0.0046239832529932174,-0.00040880379427262186,0.0026760373720611883,0.0060416535093965945,0.005643406430911472,2017,-0.012187453746102484,0.0020390412235978244,0.013067869178191848
125,2017-06-30,0.09730716057119089,0.08128348213833812,0.036085834810635264,0.0509350677011886,0.09056377304287638,0.08532821336682991,0.03811507215525187,0.04208367230189906,0.04303981374913849,0.04737889126458666,0.07873017552567774,0.05379745343283622,2017,-0.0022744188429406342,0.06728372046206278,0.06497290236376377
126,2017-07-31,0.009454164139801907,-0.016987587102360143,-0.010218123679284482,-0.010099582635332272,-0.013983815830490909,0.0017509530697808829,0.00024533903573318677,-0.014627742132931887,-0.00013355835890222707,-0.011013885947242107,-0.01248525963241849,-0.012603664955688028,2017,-0.016550994833337634,0.012779625329363633,-0.00730008226318222
127,2017-08-31,-0.007014108649037133,0.0028198234860606955,-0.029919818093176384,-0.03135307752065127,0.008648733596332912,-0.010956332772786303,-0.023708045335964368,-0.03323265882717523,-0.016025846056700314,-0.03205924422761617,-0.006957321591521871,-0.024867177974518855,2017,-0.059175753032339434,-0.02266729972491823,0.007035184060349312
128,2017-09-30,-0.06026651610682656,0.00470865150245544,-0.01341492011307187,0.017050536520641243,-0.01775069062321236,-0.026560830654001354,-0.017466033093263878,0.002395365824726335,-0.0253226999533604,-0.01834517411669071,-0.003682921573619627,0.02034426824652114,2017,0.031414548709754936,-0.08456103023144677,-0.023133991301838727
129,2017-10-31,-0.051699528990458016,-0.012169817776193078,-0.06825789335147828,-0.07120000269975649,-0.00595562735668616,-0.050674087583007094,-0.04888903439021347,-0.07785228247471115,-0.04614441110946624,-0.07660735341029822,-0.01334120786072604,-0.06746042257419706,2017,-0.10752322266790922,-0.07827251210396151,0.009418523281959496
130,2017-11-30,0.0507681174889797,0.04765986680386465,0.02132806424093133,0.04453790650684553,0.04530243263768059,0.05251891784851938,0.02755887665941362,0.029464681257509617,0.025679726107027994,0.02619071654167675,0.04763955443454716,0.044716176822040335,2017,0.016651978601354686,0.025997295074555934,0.03186950974407971
131,2017-12-31,0.006107104520507739,0.12551818965781336,0.0018065941669287698,0.0697399308057963,0.03779033191383776,0.11357440043431884,0.027038934838641643,0.02255855735017394,0.0020413695217785578,0.0027372376397944748,0.0818772431300431,0.09319937920720311,2017,0.0057338778835645116,-0.08971536154436832,-0.003237212139766979
132,2018-01-31,0.008982485788510521,0.0160531006060527,-0.02854513569941025,0.022231363716177767,0.004648547432916075,0.019395704097382005,-0.016127727665718863,-0.011008108024373088,-0.015950882701231323,-0.024903168632418596,0.005232407165472561,0.026233422027245018,2018,-0.018831565180514095,-0.038704882072014966,-0.015672978269307247
133,2018-02-28,0.07537849463477644,0.09236312885141647,0.0824051126959356,0.13806803232458578,0.06415614722595969,0.10109489290424019,0.059542025799710095,0.11618798896808553,0.059080702079455906,0.09299408680227647,0.06536850417563733,0.1463534476537399,2018,0.13660233327742494,0.04256802674271093,0.015056732089506933
134,2018-03-31,-0.08924513364633885,-0.06122696698861185,-0.05362378343240681,-0.0072039997877781795,-0.07292340892573289,-0.07667096910937506,-0.040163164168517,-0.038433073804803666,-0.055882122664423245,-0.062293143326575665,-0.040450324027945704,-0.01897767032217151,2018,0.014408267097290359,-0.10865343369055064,-0.05553455163716052
135,2018-04-30,0.012534445786256274,0.1002032570903622,0.014258911001591197,0.12859522466917186,0.03649406434346326,0.07489779918495404,0.01691236434106962,0.06384883831094694,0.007363896949000999,0.017487014912312655,0.05805617754037417,0.1435357862210035,2018,0.08648528423245382,-0.08760588409191955,-0.015966890063417616
136,2018-05-31,0.04176697862961151,0.06125525698785911,0.10583584977740289,0.1469272304329408,0.01324052372797396,0.08437272180859397,0.07477317492157051,0.13643643248832424,0.05524692792916743,0.11525471634845438,0.05260972530719007,0.1448166197676926,2018,0.20125196240160836,0.04351158469661444,-0.022390878498914635
137,2018-06-30,-0.0009274101840454288,0.033126845529169995,-0.010130579360954817,0.03179113361334081,-0.03549608101551436,0.06055000440231067,-0.015385531707038111,0.010537375349121665,-0.015796972777492885,-0.004531003012806309,-0.03554159448213432,0.05921791976053424,2018,0.0055608365798237094,-0.04351697911625564,-0.08642530259826864
138,2018-07-31,-0.0790301645087886,-0.05194218525681599,-0.12194438775743757,-0.1065727118378954,-0.0536375992761193,-0.07503519229881668,-0.08744976199300084,-0.12890259686572697,-0.08114632822203428,-0.1319694560860928,-0.06569794846835482,-0.09755501272526834,2018,-0.1630309247125307,-0.12171710371887048,-0.03911846668684832
139,2018-08-31,0.013932944493755919,0.008257215581960256,0.0037371619198061363,0.005998976958620033,0.007653658827836109,0.013909952217842862,0.01018200845272562,0.0021835553672443215,0.011401741528474877,0.0024457842316176785,0.004898033820988209,0.0074691832529794775,2018,-0.0013589411594319197,0.01054201014327191,0.009788913488018138
140,2018-09-30,-0.01568720488147415,0.030775553617191104,0.009863640997050895,0.0444991422141626,-0.0027585577076291346,0.017168432894190705,0.01824471545580976,0.021907742511826287,0.006371924871437083,0.0046813938563203305,0.021942906897482045,0.0471022494505726,2018,0.04681860884335502,-0.04346091180010011,-0.004051929954827869
141,2018-10-31,0.02110504677864997,0.00987116697548114,0.012602788362668729,0.007869220097475165,0.03014052045633659,0.002835418370077526,0.0029944417368781796,0.01430511697091741,0.007786215529227298,0.017522614095296048,0.0210395249854168,0.00359191948939084,2018,0.0049839015830783415,0.024837641604840546,0.024564694522717298
142,2018-11-30,-0.13443038634519175,-0.18209072616612346,-0.17884534268072724,-0.17511038507014007,-0.16357962438285803,-0.154643618031071,-0.1570500094450978,-0.18581234115099846,-0.1535207112488105,-0.18012851980177638,-0.17151646071146825,-0.1797301630721772,2018,-0.1956951714952097,-0.13467517340778723,-0.15040165423692112
143,2018-12-31,0.07965231329332655,0.13084104193466295,0.07500768485009086,0.10718444865586038,0.09957091294945482,0.11103154815259161,0.08272712182999176,0.08622316808060178,0.06803082783988884,0.08001797144333284,0.13213935302662919,0.10819150164665922,2018,0.0769454558919565,0.035647252848155744,0.08367067666284986
144,2019-01-31,-0.026379790386246726,-0.04325135280225539,-0.02193420513898042,-0.020827993658792232,-0.025582140185289304,-0.04297289724217571,-0.013367714321867317,-0.02542697228308617,-0.01182311971410942,-0.029957166975876994,-0.030680457482522246,-0.026754793650885823,2019,-0.0079466272035216,-0.016274322294703332,-0.0047499197445256755
145,2019-02-28,0.09389363721148627,0.05832807247983543,0.11664235163029665,0.12497608492453947,0.07599978042493627,0.07692435460736047,0.11427441193255902,0.12165268034926933,0.09939279033302122,0.12115479639749895,0.1102672800706519,0.10169194806307821,2019,0.16550758170917526,0.11888391013959548,0.09098567487918038
146,2019-03-31,0.025620929736481494,0.0429916139960746,-0.014528854422804565,-0.026801540422837302,0.03487284474111319,0.033437611136237874,-0.0034896781751744027,-0.02544304447511947,0.007158957531081941,-0.016709449825649248,0.011397751195773218,-0.011283873666288984,2019,-0.07563666671191992,0.0029970385270582794,0.027385883235379584
147,2019-04-30,-0.0163619706580168,0.01590023311886458,-0.021897145201911432,-0.016517146164694893,-0.004462554908693625,0.0030170384028743846,-0.009290997012238891,-0.025280296850561285,-0.015728880958150414,-0.024297026198402735,0.01239857248718052,-0.01365458465591223,2019,-0.03818342259703021,-0.03795065933701308,-0.0026219226970890658
148,2019-05-31,0.020698825448756935,0.05335364513840528,0.044628500083196146,0.041378529509788334,0.026359740033908594,0.04618631453868685,0.051881912688853365,0.039711007049361154,0.04681048353888508,0.035949325473034185,0.03684912642502351,0.04835135695520611,2019,0.04898079429940337,0.017961238207856278,0.03529299192873796
149,2019-06-30,-0.07050608577683698,-0.08464016734340779,-0.06957361681097254,-0.03959759147013948,-0.06195553312030272,-0.09165863089342506,-0.05158802566652428,-0.06395991352811967,-0.06045903127002747,-0.0758757873801607,-0.040342971935547305,-0.05890958301177357,2019,-0.03159808172098963,-0.0779608231810359,-0.03573428657605465
150,2019-07-31,0.02107687215074025,0.00030214949353677415,0.04364952967460878,0.08153389835067938,0.013903748440622477,0.008147906666277332,0.025275031494248857,0.06998890824830124,0.02368469995352195,0.05000864425168738,0.016872328027367073,0.07132921091821097,2019,0.11449391720314964,0.023808377903240953,0.00011037247758204083
151,2019-08-31,-0.07243652535221887,-0.06612394336000588,-0.1101887951286569,-0.09703510087824113,-0.048128026467974434,-0.08886651725304352,-0.09632857685897316,-0.1105195768285869,-0.08632244566873751,-0.11453347520992799,-0.06902930827252726,-0.09447416463826822,2019,-0.13794366165078564,-0.10104579836175226,-0.04476355628613238
152,2019-09-30,-0.025192922214022834,-0.007685582858377955,-0.004077619710120644,0.013341393133154841,-0.019834667623319507,-0.013665617443163715,-0.010762831445692615,0.007207539979067028,-0.016983977022814595,-0.0019397776745215996,-0.0048495430509017815,0.011265017652861664,2019,0.025703025959234592,-0.03209844706153192,-0.02736846033696378
153,2019-10-31,0.020254870534302118,0.026855901167733873,0.029687240450973897,0.0355632153795564,0.016183937321617724,0.03013942736152186,0.03302859303727151,0.0308739045475891,0.031627741559343066,0.02555255067003305,0.018148520304373174,0.03843905126020058,2019,0.0416950699795123,0.018732552711630872,0.01870586440433375
154,2019-11-30,-0.039073145922914145,0.041989949501309326,-0.027374195853245485,0.0034936832960811336,-0.011588213039518156,0.012431200503095876,-0.016127874931308607,-0.018187739046785743,-0.022886235935536906,-0.033877036992804636,0.006061864937138741,0.019456592919260343,2019,-0.025338914346361943,-0.08918915817485486,-0.02483781869898183
155,2019-12-31,0.00634721767532472,-0.009152272719987718,-0.0074744397738918085,-0.003198206285468367,-0.01707932576225325,0.012889285501865693,-0.005432852387317086,-0.006428219098935364,-0.0068842399795296,-0.0036836383108371563,-0.014490931027324813,-0.0014688553652753276,2019,-0.009270118537028676,0.005048017404160954,-0.0257427113510355
156,2020-01-31,0.002317526103900208,0.05084751285930576,0.021954917806394414,0.04567242344687182,0.025202734031390908,0.03545918339082063,0.0343963979955915,0.030666137012117622,0.016374548629466246,0.019872025888224388,0.05872767524381863,0.04360079312453813,2020,0.04104482177166325,-0.02398752424279417,0.02653647182551328
157,2020-02-29,-0.09167196198472102,-0.041774380226867226,-0.06636530590369495,-0.05136643669031929,-0.04017972159126986,-0.07639847290522232,-0.06151609765015459,-0.05971309283640188,-0.0725713437891329,-0.06959547131284431,-0.023719383526399688,-0.056300403384526757,2020,-0.05100857148822012,-0.11146685942982273,-0.03364003637061236
158,2020-03-31,-0.07778365215890169,-0.056389326662759434,-0.062053702028713464,-0.07470987371706407,-0.05758221738363065,-0.06997305004613133,-0.05902055836820694,-0.070365279136525,-0.06411441152176338,-0.06505701200605973,-0.04872074843363946,-0.07562648084732519,2020,-0.06967708633494696,-0.07428775399770342,-0.046433611160509425
159,2020-04-30,-0.18343616274738142,-0.02226527586445466,-0.1689180522187779,-0.14248071527444323,-0.11469657040280334,-0.06848672588925718,-0.1381384305746011,-0.1656126075921193,-0.16631841426541152,-0.1741841104808832,-0.06802992602358883,-0.1180134105831327,2020,-0.2085480481873031,-0.2699812193967104,-0.13578533423671618
160,2020-05-31,0.1941971019322658,0.16267406605126655,0.21204098313804381,0.23420511856452153,0.16317304067379942,0.18353507275954575,0.21374089223475562,0.22394114527469997,0.20179504002207516,0.21301568562780127,0.1921629285513319,0.21893021990823147,2020,0.26781051771079917,0.20779849276241558,0.17317582389143216
161,2020-06-30,0.07376622596967962,0.13212841562123956,0.06378308674041253,0.09117364933564022,0.11980521338192389,0.10117116546473054,0.05696650766326124,0.0818665776469306,0.05859574119010638,0.06928784866653767,0.10733851578992516,0.10242739131955508,2020,0.05200941528059316,0.02589828023165225,0.08525284948935455
162,2020-07-31,-0.026974047857320098,0.012378509633736046,-0.04420790136958848,-0.016222370063446692,0.017189554433332515,-0.017317705699633822,-0.037721597236471595,-0.03082579670631421,-0.03073685436798744,-0.04713023628278321,-0.0036175537602398575,-0.008780787494556457,2020,-0.05313250232124314,-0.06926001901205325,0.003539708399834935
163,2020-08-31,0.04129681814809849,0.13079381970941187,0.07161207400694788,0.11588634021112677,0.12907730278050908,0.07176901107727368,0.08968750601721524,0.08982383552287129,0.06550549585054849,0.06700696880647236,0.16619026487450075,0.10589084556550839,2020,0.10145309528931949,-0.010431187805222952,0.13796838549765184
164,2020-09-30,0.06249700448156935,0.10296996334488132,0.01288832100238358,0.033580232200451546,0.05556058351468892,0.10763410847778365,0.012068303882981747,0.02490962190863806,0.01560858588303988,0.02445370570153513,0.042631255657586374,0.05846476549251171,2020,-0.0362649307103902,0.007110227711286499,0.0013570222044598235
165,2020-10-31,0.03756690736121549,-0.013164255613294425,0.02213472275845591,0.04884961455734239,0.0124113000137449,0.0037507217410392437,0.013104130815899161,0.04067431123564507,0.019494095080401792,0.027664362414591467,0.0011259249251767234,0.03918399561377471,2020,0.058783011441837764,0.04185895064764742,0.003302914341301904
166,2020-11-30,-0.006425708540130994,-0.03693577026197177,-0.009897472087037727,-0.0070559960254642125,-0.014559411429819993,-0.03146655624993951,-0.028927529951968605,-0.0010821892522797417,-0.021016445679159394,-0.002822103081069218,-0.030848231865154677,-0.011460024005406811,2020,0.004727271288549446,0.00567270251654927,-0.027212568630678974
167,2020-12-31,0.16099563383352633,0.16706982346515722,0.08831976524896641,0.16090320247116924,0.10878495342029491,0.2015819681450899,0.10774978099782538,0.1220403003506878,0.08305159132808597,0.11038969184565582,0.15265463485423716,0.16599405691654023,2020,0.08519023907079387,0.08532888611432948,0.05472360017023145
168,2021-01-31,0.0997793055620091,0.13163387766266468,0.03136425103485752,0.06955028119150661,0.08899117452871663,0.13611039940652608,0.04828574335058739,0.048160446258633006,0.03861709394329336,0.045442203918183044,0.09544174542876487,0.08548744114971797,2021,-0.014792059385972778,0.03055147716978099,0.045141495046724475
169,2021-02-28,0.11147082930391419,0.005956813830730502,0.023973149518984008,0.03426225336824583,0.05032097325808512,0.04495343300570779,0.005700719034964118,0.03683577997847245,0.020696573801667468,0.04864355063664416,0.014549155573509274,0.02928411579784936,2021,-0.00047841868009251137,0.11533444522341005,0.015127085800959117
170,2021-03-31,0.009266396576964448,-0.009653784098467432,0.023708231458029163,0.026004769819314943,0.01337338626467081,-0.0110344840515377,-0.0042301406619058715,0.03529152942043879,-0.0019336404440706797,0.033540192913072114,0.005319705548026176,0.018533069953983752,2021,0.0499066950380956,0.024799135174569855,-0.002985277081685604
171,2021-04-30,0.02699266284603538,0.012834703005773574,0.11074448623263523,0.04867545814683065,0.016180121361746395,0.019515859060867228,0.10509016700119575,0.07546469793356889,0.09822922206054745,0.09544176935373845,0.04892584445878688,0.03507820607882177,2021,0.1395062614535614,0.10698206850236852,0.0737800098657241
172,2021-05-31,0.08459021501125467,0.011106973254517727,0.0931711670569556,0.08495472624612373,0.007435227014363307,0.05747005746342898,0.06280314742957843,0.09931640278159694,0.05484358595661349,0.11127563303619495,0.03399899566622567,0.07182955912146302,2021,0.13027729917019312,0.12973053231788956,-0.008154855678571216
173,2021-06-30,0.05953920685898423,0.09282264798975781,0.05643026438091736,0.056546204397351904,0.05248590446965333,0.09515622354903182,0.053805768443611866,0.057458342990319405,0.05594890473607606,0.05750064029001612,0.04921410032169247,0.07235666605159524,2021,0.036795541353898245,0.041285045046346724,0.02998438964358957
174,2021-07-31,0.005215726845582971,0.06466340564844532,0.03167916275437448,0.0750076595913692,0.0039795848441716,0.06251930935702964,0.022673737253384084,0.06103646352388232,0.01604231370301871,0.033047623529687015,0.019550352015464442,0.08714842004367226,2021,0.07174725609872953,-0.032940643019949804,-0.035124564342900295
175,2021-08-31,-0.018021740746011622,-0.014703743364481265,-0.037863820046569054,-0.020130822465623838,-0.0012047408200598754,-0.024418790858089578,-0.0374492886263291,-0.027345953306917848,-0.03183534010341312,-0.03586515757899542,-0.01888482724843206,-0.018417048566493757,2021,-0.04163190045694645,-0.03846827787752813,-0.012771657363885261
176,2021-09-30,-0.016841588507016902,-9.160900536799454e-05,-0.03558717473690732,-0.0043555917254742916,-0.032180679012608585,0.008141840188251091,-0.011940634856365782,-0.025430809478939963,-0.029636670797730254,-0.03383446112711973,0.0015477306300240776,-0.004464731378190887,2021,-0.03147616770618916,-0.05020516287850307,-0.035476829223629935
177,2021-10-31,-0.040581130495950024,-0.05252744890546632,-0.04517239410559159,-0.001174997827883388,-0.05554064980209909,-0.04359990395561871,-0.029224325299641352,-0.02452429283860375,-0.0424566283954431,-0.04541133164017817,-0.027703056016912503,-0.013034625380387733,2021,0.0002068977672331912,-0.05890230123486677,-0.05070287670462921
178,2021-11-30,-0.023161653782377535,-0.0037055369964382316,-0.0016240014738605566,-0.00374856926430239,-0.00525537064293205,-0.014555353291548011,0.01137779284030208,-0.007649811553779139,0.00016972272252794324,-0.008220881134864416,0.016999654833327188,-0.009865182875930543,2021,0.008061024651244936,-0.021058602125867777,0.017225004620033606
179,2021-12-31,-0.08693908071360734,-0.0702005090020989,-0.11125986234022366,-0.09990777323411258,-0.06654267260609202,-0.08238698257818729,-0.09238184665739971,-0.11132298457965271,-0.09466769280375673,-0.11369715442640667,-0.06884524199534509,-0.09769265279429645,2021,-0.13259784071648312,-0.11314480193572526,-0.062069535684571714
180,2022-01-31,0.06160444116876818,0.04907111818805588,0.07928718111266815,0.10404202911065774,0.04662413577339796,0.0587288304088406,0.06525826294478033,0.09422590571150855,0.06559530967510731,0.08152449995112009,0.046257586359600596,0.09475580221368596,2022,0.12799143054491385,0.06433504863207953,0.03540503065800371
181,2022-02-28,-0.07769150783842844,-0.09786372337580022,-0.060273802550844476,-0.084561932848976,-0.07536855551700034,-0.09433501635431943,-0.050580714019945974,-0.0733514817073728,-0.0648271626150741,-0.06227670039330397,-0.03366785337301792,-0.10526016936845062,2022,-0.05705811979270614,-0.046752482276884805,-0.042106020506100184
182,2022-03-31,0.043721209103521695,0.046284783535448244,0.023860206454781735,0.043208740027452106,0.004926651097167172,0.06333604298562609,0.024776395227123958,0.030927286189509597,0.013953130564859337,0.03325425340396899,0.036640209131731945,0.04651610403364594,2022,0.02206595016274887,0.02283465377685326,-0.017428618263276716
183,2022-04-30,0.03208266509205448,0.031081011637989677,0.06326489706303494,0.06069216942302356,0.03633086269315734,0.029377661240684923,0.043048997255163424,0.07012032043694623,0.049818324208912114,0.062172540159981006,0.017113057392459698,0.059231466908443296,2022,0.09237522812103643,0.049460971624582795,0.029630869109505187
184,2022-05-31,0.031950464570072785,-0.002810823814276245,0.04724937907080256,0.008745488645247474,0.007406786144139985,0.01624568646668162,0.0613651666545655,0.027002537991435892,0.06239842609500749,0.03647310215182331,0.006180924541271891,0.00406777811118815,2022,0.04142504733815176,0.07623251122538972,0.04714784056964673
185,2022-06-30,-0.002753546385540982,0.009575878857783155,-0.05026348511475228,-0.02438697950169007,-0.007905372979856452,0.009115476118080154,-0.03808822663544752,-0.04505988280257509,-0.04173029878364135,-0.04296986786953728,0.0015772582309067805,-0.015880425312491616,2022,-0.07806163085256344,-0.045611481178339804,-0.0280213962730565
186,2022-07-31,-0.10539668941108926,-0.11402239553503223,-0.1763422506544123,-0.15780405360424882,-0.09123830435212109,-0.11849763735184893,-0.14838105339497495,-0.1800776308952951,-0.14432151997551132,-0.17452899549289191,-0.10473640833196358,-0.15241169068599927,2022,-0.22443676178560035,-0.14582571549586107,-0.09033172362352401
187,2022-08-31,0.019774725780754305,0.06748625096909697,0.0636077233252246,0.09166267812283609,0.015187500619157739,0.05872782486338117,0.0570798626371513,0.07690254418261262,0.050719563651971715,0.05924032290944864,0.03479908035138274,0.09652298771984856,2022,0.11163991307313506,0.00380798456001237,0.004452178733312134
188,2022-09-30,0.005675657896230099,0.019265225324180867,-0.017752584275892543,-0.01515393281386322,0.0052979220914754375,0.01634838536544418,0.003272710487471103,-0.024912052157712018,-0.0017331920407760203,-0.01971795470541557,0.019604377362765428,-0.00893494703803973,2022,-0.045376958699961244,-0.014132572634821268,0.01285246597508046
189,2022-10-31,-0.08446097524323946,-0.0724996552717864,-0.11668913534153359,-0.11727193401795744,-0.0519159317999716,-0.090011338648602,-0.09004355824174001,-0.12724935526042644,-0.08733064840341939,-0.12284065985512581,-0.06093453186617491,-0.11234600053768713,2022,-0.1554807541019781,-0.10626431593990114,-0.03332914308719738
190,2022-11-30,0.006922718479318033,0.02614710831458121,0.007605686901300111,0.005485508058191873,0.008799697793164491,0.020924756391182093,0.004158478166298077,0.008129621681961963,-0.0009674273136764687,0.011480150320049965,0.023366290312224754,0.010067502215997714,2022,-0.003443718437457636,-0.0012879028057683987,-0.0015690130771094605
191,2022-12-31,0.06100598618473278,0.0717445461968713,0.10203802193416814,0.11641878468079361,0.0646764134106082,0.06763558836416918,0.09690220383916795,0.10954712328330472,0.0894537031012928,0.09819443869290523,0.08710036038155818,0.10385442679635566,2022,0.15208154042415972,0.06896234268006846,0.0729872614260392
